smiles,elastic_modulus_ave
*CC*,3.190175
*C(C*)C,3.0847960000000003
*C(C*)CC,3.905715666666667
*C(C*)CCC,3.6955486666666673
*C(C*)C(C)C,3.4784726666666668
*C(C*)CCCC,4.517511
*C(C*)CC(C)C,3.9619683333333335
*C(C*)CCCCC,3.795846
*C(C*)CCC(CC)C,3.7272236666666663
*C(C*)CCCCCCC,4.467513666666666
*C(C*)CCCCCCCC,3.713705333333334
*C(C*)(CC)C,3.4646039999999996
*C(CC*)(C)C,3.748531
*C(C(C*)C)(C)C,2.5239953333333336
*C(CCC*)(C)C,4.177964333333334
*C(CCC*)(CC)C,4.017648
*C(CCCCCCC*)C,2.58829
*C(C*)C1CC1,0.0034516666666666
*C(C*)C1CCCC1,3.6024906666666663
*C(C*)CC1CCCC1,4.702421
*C(C*)C1CCCCC1,4.165352666666667
*C(C*)CC1CCCCC1,4.139972333333334
*C(C*)Cc1ccccc1,3.0864006666666675
*C(C*)CCc1ccccc1,3.404464666666667
*C(C*)C(c1ccccc1)C,2.9813673333333335
*C(C*)CCCCCC,3.873439
*C(C*)CCCCCCCCCC,3.086971333333333
*C(C*)CCCCCCCCCCCC,3.569199333333333
*C(C*)CCCCCCCCCCCCCCCC,3.4626600000000005
*C(C*)C(CC)C,3.560647
*C(C*)C(CC)CC,4.196707333333333
*C(C*)CC(CC)CC,4.658492666666667
*C(C*)CC(CC)C,2.959845
*C(C*)CC(C)(C)C,4.051394
*C(C*)CC(CC)(C)C,4.328309
*C(C*)CCCC(C)(C)C,4.562826333333334
*C(C*)CCC1CCCCC1,3.569139
*C(C*)CCCC1CCCCC1,3.238504333333333
*C1(CCC(CC1)C)C*,3.436579
*C(C*)(CCC)C,4.713077333333334
*/C=C/CC*,3.929685
*/C=C\CC*,2.75428
*C=CCC*,3.0805196666666665
*C(C)C(C)*,2.765603
*/C=C/*,1.6998760000000002
*C(C(CC*)C)C,3.547263666666667
*C1C(CCC1)CC*,4.213127666666667
*C=CCCCCCCCC*,3.341998333333333
*/C=C/CCCCCCCCCC*,3.3396753333333336
*C(C*)CCCCCCCCCCCCCC,3.825839999999999
*C=CCCCCCC*,2.951798333333334
*/C=C/CCC*,3.6617316666666664
*/C=C\CCCC*,3.121841
*C(C*)CCCCCCCCCCCCC,3.9421536666666666
*C(CC)C(CC)*,2.984138333333333
*C(C*)CCCCCCCCCCC,4.494896000000001
*C(C*)CCCCCCCCC,3.297979333333333
*C(C*)C1CC(CCC1)C,3.9668906666666666
*C(C*)C1CCC(CC1)C,3.8543523333333334
*C(C*)C1CC=CCC1,3.8125306666666665
*C(=CCC*)CCCCCCC,3.279223
*C(=CCC*)C(C)C,2.855303
*/C=C\CCC*,2.7268519999999996
*C(C*)CCC(C)(C)C,3.7255896666666666
*/C=C\*,2.026658666666667
*/C=C\CCCCC*,3.4660963333333337
*C1CC(CC1)C=C*,3.722761333333333
*/C=C/C(C*)C(CC)C,3.0043430000000004
*C(=CCC*)CCC,3.3502409999999996
*C=CCCCCCCCCCC*,3.3751239999999996
*C1(CCCCC1)C*,5.083468333333333
*C=CC(CCCCC*)C,2.7759783333333337
*/C(=C\CC*)C(C)(C)C,4.240149333333334
*C(C*)c1ccccc1,3.3039536666666667
*C(C*)c1c(cccc1)C,3.7492493333333337
*C(C*)c1c(cccc1)CC,4.318006666666666
*C(C*)c1c(cccc1)COC,4.339787666666667
*C(C*)c1c(cccc1)COCC,4.330348333333333
*C(C*)c1c(cccc1)COCCC,4.715732666666667
*C(C*)c1c(cccc1)COC(C)C,4.768624
*C(C*)c1c(cccc1)COCCCC,3.759296
*C(C*)c1c(cccc1)COCCCCC,3.732421
*C(C*)c1c(cccc1)COCCC(C)C,4.181523666666667
*C(C*)c1c(cccc1)COCc1ccccc1,3.6749653333333328
*C(C*)c1c(cccc1)COCCc1ccccc1,4.35658
*C(C*)c1c(cccc1)C(=O)NC,3.401868333333333
*C(C*)c1c(cccc1)C(=O)N(C)C,2.5052746666666668
*C(C*)c1c(cccc1)C(=O)Nc1ccccc1,3.847142
*C(C*)c1c(cccc1)C(=O)O,4.438911999999999
*C(C*)c1c(cccc1)C(=O)OC,3.6131903333333337
*C(C*)c1c(cccc1)C(=O)OCC,4.489105333333334
*C(C*)c1c(cccc1)C(=O)OCCC,4.463901
*C(C*)c1c(cccc1)C(=O)OC(C)C,3.612312666666666
*C(C*)c1c(cccc1)C(=O)OCCCC,4.062871666666666
*C(C*)c1c(cccc1)C(=O)OCCC(C)C,3.805831333333333
*C(C*)c1c(cccc1)C(=O)OCCCCCC,3.938276666666667
*C(C*)c1c(cccc1)C(=O)Oc1ccccc1,3.080674666666667
*C(C*)c1c(cccc1)C(=O)OCCN(C)C,4.469317666666666
*C(C*)c1ccc(cc1)C(=O)OCCN(C)C,3.613894666666667
*C(C*)c1c(cccc1)OC,4.094179666666666
*C(C*)c1c(cccc1)Cl,3.322843999999999
*C(C*)c1c(cccc1)F,3.4397643333333336
*C(C*)c1cc(ccc1)C,3.2409739999999996
*C(C*)c1cc(ccc1)CC,3.770901
*C(C*)c1cc(ccc1)Cl,2.6022153333333335
*C(C*)c1cc(ccc1)F,3.4408653333333334
*C(C*)c1ccc(cc1)C,2.363261666666667
*C(C*)c1ccc(cc1)CC,3.3401910000000004
*C(C*)c1ccc(cc1)C(C)C,2.379756333333334
*C(C*)c1ccc(cc1)CCCC,3.8405923333333334
*C(C*)c1ccc(cc1)C(C)(C)C,3.3635203333333337
*C(C*)c1ccc(cc1)C(CC)C,2.6131803333333337
*C(C*)c1ccc(cc1)CCCCCC,3.7489019999999993
*C(C*)c1ccc(cc1)CCCCCCCC,3.298399666666667
*C(C*)c1ccc(cc1)CCCCCCCCC,3.784635333333333
*C(C*)c1ccc(cc1)CCCCCCCCCC,3.872938333333334
*C(C*)c1ccc(cc1)CCCCCCCCCCCC,2.9107206666666663
*C(C*)c1ccc(cc1)CCCCCCCCCCCCCC,3.551989
*C(C*)c1ccc(cc1)CCCCCCCCCCCCCCCC,3.886357999999999
*C(C*)c1ccc(cc1)CCCCCCCCCCCCCCCCCC,2.674546
*C(C*)c1ccc(cc1)c1ccccc1,2.884791666666666
*C(C*)c1ccc(cc1)COCCOCC,4.194836
*C(C*)c1ccc(cc1)C#N,2.6557813333333335
*C(C*)c1ccc(cc1)Cl,2.382901
*C(C*)c1ccc(cc1)Br,2.7392939999999997
*C(C*)c1ccc(cc1)C(C(C(C(C(C(C(F)(F)F)(F)F)(F)F)(F)F)(F)F)(F)F)(F)F,3.2803060000000004
*C(C*)c1ccc(cc1)C(=NO)C,3.843545333333333
*C(C*)c1ccc(cc1)C(O)(C)C,4.440959
*C(C*)c1ccc(cc1)C(CC)(O)C,3.6717743333333335
*C(C*)c1ccc(cc1)C(CCC)(O)C,3.3001273333333336
*C(C*)c1ccc(cc1)C(CCCC)(O)C,4.262792666666666
*C(C*)c1ccc(cc1)C(CCCCC)(O)C,4.147260666666666
*C(C*)c1ccc(cc1)C(CCN(C)C)O,3.61931
*C(C*)c1ccc(cc1)C(CCN1CCCCC1)O,4.790386000000001
*C(C*)c1ccc(cc1)C(CCN1CCOCC1)O,4.0469523333333335
*C(C*)c1ccc(cc1)COC,3.601993
*C(C*)c1ccc(cc1)COCCO,4.907677
*C(C*)c1ccc(cc1)COCCC,3.7976326666666673
*C(C*)c1ccc(cc1)COCCCC,4.038674333333333
*C(C*)c1ccc(cc1)COC(CC)C,3.629443666666666
*C(C*)c1ccc(cc1)COCCCCCC,3.523346333333333
*C(C*)c1ccc(cc1)COCCOCCCC,3.3192630000000003
*C(C*)c1ccc(cc1)C(=O)N(C)C,2.878705
*C(C*)c1ccc(cc1)C(=O)N(CC)CC,3.9343806666666663
*C(C*)c1ccc(cc1)C(=O)N1CCCCC1,3.645248
*C(C*)c1ccc(cc1)C(=O)CCN1CCCCC1,3.878237666666667
*C(C*)c1ccc(cc1)C(=O)N1CCOCC1,3.197064666666667
*C(C*)c1ccc(cc1)C(=O)OC,2.5160576666666667
*C(C*)c1ccc(cc1)C(=O)OCC,3.0004443333333337
*C(C*)c1ccc(cc1)C(=O)OCCC,3.5657566666666662
*C(C*)c1ccc(cc1)C(=O)OC(C)C,3.5375233333333327
*C(C*)c1ccc(cc1)C(=O)OCCCC,3.9917613333333337
*C(C*)c1ccc(cc1)C(=O)OCC(C)C,3.1542526666666664
*C(C*)c1ccc(cc1)C(=O)OCCCCCC,3.270628666666667
*C(C*)c1ccc(cc1)C(=O)CC,3.3675376666666663
*C(C*)c1ccc(cc1)C(=O)CCC,3.530825
*C(C*)c1ccc(cc1)C(=O)CCCC,3.8277449999999993
*C(C*)c1ccc(cc1)C(=O)CCCCC,2.943101
*C(C*)c1ccc(cc1)C(=O)CCCCCCC,3.1934389999999997
*C(C*)c1ccc(cc1)C(=O)Cc1ccccc1,3.1919999999999997
*C(C*)c1ccc(cc1)C(=O)c1ccccc1,3.6236166666666665
*C(C*)c1ccc(cc1)C(=O)c1ccc(cc1)C,2.4616446666666665
*C(C*)c1ccc(cc1)F,2.6163003333333332
*C(C*)c1ccc(cc1)I,2.47203
*C(C*)c1ccc(cc1)N(C)C,3.609255
*C(C*)c1ccc(cc1)OC,2.669738333333333
*C(C*)c1ccc(cc1)OCC,2.954785
*C(C*)c1ccc(cc1)OCCC,3.6660943333333336
*C(C*)c1ccc(cc1)S(=O)(=O)OCCC,4.686293333333333
*C(C*)c1c(cccc1Cl)Cl,3.445213
*C(C*)c1c(cc(cc1)C)C,2.6421596666666667
*C(C*)c1c(cc(cc1)C(C)C)C(C)C,3.2257460000000004
*C(C*)c1c(cc(cc1)F)C,2.888834
*C(C*)c1c(cc(cc1)Cl)C,2.2516743333333333
*C(C*)c1c(cc(cc1)Cl)Cl,2.510633
*C(C*)c1c(ccc(c1)C)C,3.3905653333333334
*C(C*)c1c(ccc(c1)C(C)(C)C)C,3.732760666666666
*C(C*)c1c(ccc(c1)C(C)C)C(C)C,2.9238623333333336
*C(C*)c1c(ccc(c1)Cl)Cl,2.8247463333333336
*C(C*)c1c(ccc(c1)F)F,3.6694693333333337
*C(C*)c1c(ccc(c1)C)F,3.2092783333333337
*C(C*)c1c(ccc(c1)Br)OCCCC,3.752005
*C(C*)c1c(ccc(c1)Br)OCC,2.735423666666667
*C(C*)c1c(ccc(c1)Br)OC,2.819921
*C(C*)c1c(ccc(c1)Br)OCCC,3.585391333333334
*C(C*)c1c(ccc(c1)Br)OC(C)C,3.1584616666666667
*C(C*)c1c(ccc(c1)Br)OCCCCC,3.501551333333333
*C(C*)c1c(ccc(c1)Br)OCCC(C)C,3.437422
*C(C*)c1cc(cc(c1)C)C,3.289415
*C(C*)c1cc(c(cc1)C)C,2.750507333333333
*C(C*)c1cc(c(cc1)Cl)C,2.5719776666666667
*C(C*)c1cc(c(cc1)Cl)Cl,2.5003200000000003
*C(C*)c1cc(c(cc1)Cl)F,2.294457
*C(C*)c1c(cc(cc1C)C)C,3.0308653333333333
*C(C*)c1c(cc(c(c1)C)C)C,3.04013
*C(C*)c1c(c(c(c(c1F)F)F)F)F,3.363744666666667
*C(C*)(c1ccccc1)C,3.311119333333333
*C(C*)(c1ccc(cc1)C(C)C)C,4.083041
*C(C(*)(F)F)(c1ccccc1)F,3.20139
*C(C(*)(F)F)(c1c(c(c(c(c1F)F)F)F)F)F,2.679793333333333
*C(C*)c1c2c(ccc1)cccc2,3.5855556666666666
*C(C*)c1ccc(cc1)C(=O)C,3.254441333333333
*C(C*)c1ccc(cc1)C(=O)CCN1CCOCC1,3.137391666666667
*C(C*)(C(=O)OC)c1ccccc1,3.806755666666666
*C(C*)(c1ccc(cc1)C)C,2.899934
*C(C(*)c1ccccc1)[N+](=O)[O-],2.1535436666666663
*C(C*)c1ccc(cc1)C(=O)C(F)(F)F,2.467695
*C(C*)c1ccc(cc1)C(=O)c1ccc(cc1)OC,2.663458
*C(C*)c1cc2c(cc1)cccc2,3.0557216666666664
*C(C*)c1nc(ccc1)C,2.527346333333333
*C(C*)N1Nc2c(C1)cccc2,2.9078813333333335
*C(C(C(C*)c1ncccc1)c1ccccc1)c1ncccc1,3.1936759999999995
*C(C*)c1ccc(cc1)O,3.882530000000001
*C(C*)c1ccc(cc1)OC(=O)C,3.8599449999999993
*C(C*)c1ccc(cc1)CCC,3.532022333333334
*C(C*)c1ccc(cc1)COCCCCCCOc1ccc(cc1)c1ccc(cc1)OC,3.3470069999999996
*C(C*)c1ccc(cc1)COCC(CCCC)CC,3.664592
*C(C*)c1ccc(cc1)COCCOCCCCCCCC,4.091889000000001
*C(C*)c1ccc(cc1)C(C(C(C(C(C(F)F)(F)F)(F)F)(F)F)(F)F)(F)F,3.485879666666667
*C(CC(C*)c1ccccc1)(C(=O)OC)C#N,3.4230090000000004
*C(C*)c1cc(c(cc1)C(=O)O)C(=O)O,5.795085666666667
*C(C(*)(c1c(c(c(c(c1[2H])[2H])[2H])[2H])[2H])[2H])([2H])[2H],3.6979663333333335
*C(C*)O,6.142513666666666
*C(C*)C=O,6.49452
*C(C*)OC(=O)CCCCCCCCCCC,3.550401666666667
*C(C*)C(=O)C,3.363219
*C(C*)C(=O)C(C)C,4.137045333333333
*C(C*)(C(=O)C)C,2.8980976666666667
*C(C*)C#N,5.186536
*C(C*)(C#N)C,4.691646333333334
*C(C*)c1ncccc1,3.155298
*C(C*)n1c2ccccc2c2ccccc12,2.9019999999999997
*C(C*)OC,3.6581133333333336
*C(C*)OCC,3.786774
*C(C*)OC(=O)C,3.662122333333334
*C(C*)OC(=O)CC,4.023590333333334
*C(C*)OC(=O)c1ccccc1,3.676062
*C(C*)CCCCCCCCCO,4.711532666666667
*C(C*)CCN(C(C)C)C(C)C,4.087891333333334
*C(C*)CCCN(C(C)C)C(C)C,4.406149333333334
*C(C*)CCCN(CC(C)C)CC(C)C,4.032206666666667
*C(C*)OC=O,4.2807113333333335
*C(C*)OCc1ccccc1,2.6742820000000003
*C(C*)OC(C)(C)C,2.5427619999999997
*C(C(*)OCC(C)C)C,4.164992333333333
*C(C*)OC(C)C,3.811385333333333
*C(C*)(OC)C,3.258847666666667
*C(C*)OCC(C)(C)C,3.673281333333333
*C(C*)OC(=O)C(F)(F)F,3.950548
*/C=C/C(C*)OC,3.81534
*C=CCC(CC*)(C(=O)OC)C,2.9349879999999997
*C(C*)CCc1c(cccc1)C,3.511407
*C(C*)CCc1ccc(cc1)C,2.7398443333333335
*C(C*)OCCCCCCCCCCCC,3.271085333333333
*C(C(*)OCCCC)C,3.7518043333333337
*C(C(*)OC(C)(C)C)C,3.4369953333333334
*C(C(*)OCC)C,3.774525666666667
*C(C(*)OC(C)C)C,3.139669
*C(C(*)OC)C,2.511142
*C(C(*)OCCC)C,3.6802333333333337
*C(C*)Cc1c(ccc(c1)C)C,3.0550846666666662
*C(C*)Cc1cc(c(cc1)C)C,2.778764666666666
*C(C*)Cc1cc(cc(c1)C)C,3.358535333333333
*C(C*)Cc1cc(ccc1)C,2.851461
*C(C*)Cc1c(cccc1)C,3.191632666666666
*C(C*)Cc1ccc(cc1)C,2.126369
*C(C(*)O)C,3.2958783333333335
*C(C*)OC(=O)c1ccc(cc1)C(C)(C)C,3.679165666666667
*C(C*)C(=O)C(C)(C)C,3.232735
*C(C*)C(=O)C1CCCCC1,4.146715333333334
*C(C*)C(=O)c1c(cccc1)O,4.230272
*C=CC(C*)OC,3.489361
*C(=CCC*)c1ccccc1,3.0400896666666664
*C(O)C(*)O,10.135749333333331
*C(C*)OCC(CCCC)CC,4.077986666666666
*C(C*)SCCCC,4.328085
*C(C*)OC1CCCCC1,4.5519229999999995
*C(C*)SCC,3.417858333333333
*C(C(*)(F)F)(OC(C(C(C(F)(F)F)(F)F)(F)F)(F)F)F,3.344592
*C(C(*)(F)F)(OC(C(F)(F)F)(F)F)F,2.4557683333333333
*C(C(*)(F)F)(OC(F)(F)F)OC(F)(F)F,2.056299
*C(C(*)(F)F)OC(F)(F)F,3.2998209999999997
*C(C(*)F)(OC(F)(F)F)F,3.0338833333333333
*C(C(*)(F)F)(OC(F)(F)F)F,2.785322666666667
*C(C*)OCC(CC)(C)C,4.369407666666667
*C(C*)SC,3.3630303333333336
*C(C*)OCCC,3.499662333333333
*C(C*)(C(=O)C)F,3.4553896666666666
*C(C*)C(=O)c1ccccc1,3.6007226666666674
*C(C*)C(=O)c1cc(c(cc1)Br)OC,2.778912333333333
*C(C*)C(=O)c1ccc(cc1)C(C)(C)C,3.504459666666667
*C(C*)C(=O)c1ccc(cc1)Cl,2.6979249999999997
*C(C*)N1CNCC1,6.086633333333333
*C(C*)OCCCCCCCCCCCCCCCCCC,3.354106333333333
*C(C*)OC(=O)c1ccc(cc1)C#N,2.613985
*C(C*)OCC(CC(C)C)(C)C,3.446760666666667
*C(C(*)(F)F)(OC(C(F)F)F)F,3.987575666666667
*C(C*)C(=O)c1ccc(cc1)Br,2.232418
*C(C*)OC(=O)CC1CCCC1,4.391677666666667
*C(C*)N1C(=O)CCC1,4.047387333333333
*C1C(C2C(C1)C(C(C2)CC*)OC(=O)CCCCCCCCCCOc1ccc(cc1)c1ccc(cc1)C#N)OC(=O)CCCCCCCCCCOc1ccc(cc1)c1ccc(cc1)C#N,3.261466666666667
*C(C*)C(=O)OC,4.758125333333333
*C(C*)C(=O)OCC,4.0949263333333334
*C(C*)C(=O)OCCC,4.914991666666666
*C(C*)C(=O)OC(C)C,4.3068393333333335
*C(C*)C(=O)OCCCC,4.422686
*C(C*)C(=O)OCC(C)C,3.9815769999999993
*C(C*)C(=O)OC(C)(C)C,3.280175
*C(C*)C(=O)OCCCCCC,3.9486063333333328
*C(C*)C(=O)OCCCCCCC,3.4760356666666667
*C(C*)C(=O)OCCCCCCCC,3.8816646666666665
*C(C*)C(=O)OCCCCCCCCCCCC,3.630660999999999
*C(C*)C(=O)OCCCCCCCCCCCCCC,3.544877666666667
*C(C*)C(=O)OCCCCCCCCCCCCCCCC,3.6298023333333336
*C(C*)C(=O)OCCCCCCCCCCCCCCCCCC,3.127463333333333
*C(C*)C(=O)OCCCCCCCCCCCCCCCCCCCCCC,3.3761566666666667
*C(C*)C(=O)OCC=C,4.417807333333333
*C(C*)C(=O)OC1C2(CCC(C1)C2(C)C)C,3.000137666666667
*C(C*)C(=O)OCC(F)(F)F,4.283651333333332
*C(C*)C(=O)OC(C(F)(F)F)C(F)(F)F,3.755454
*C(C*)C(=O)OC(C(F)(F)F)(C(F)(F)F)F,2.8693726666666666
*C(C*)C(=O)OC(C(Cl)(F)F)(C(F)(F)F)F,3.278411
*C(C*)C(=O)OC(C(Cl)(F)F)(C(Cl)(F)F)F,3.283921333333333
*C(C*)C(=O)OCC(C(F)C(F)(F)F)(F)F,3.2294083333333337
*C(C*)C(=O)OCC(C(C(F)(F)F)(F)F)(F)F,3.685234333333333
*C(C*)(C(=O)OC)C,2.454107
*C(C*)(C(=O)OCC)C,3.0913589999999997
*CC(*)(C)C(=O)OCCC,4.162544333333333
*CC(*)(C)C(=O)OC(C)C,3.1374873333333335
*C(C*)(C(=O)OCCCC)C,3.958935333333334
*CC(*)(C)C(=O)OC(C)CC,3.0184253333333335
*CC(*)(C)C(=O)OCC(C)C,3.9726076666666663
*CC(*)(C)C(=O)OC(C)(C)C,2.118046
*CC(*)(C)C(=O)OCCCCCC,3.9211900000000006
*CC(*)(C)C(=O)OCCCCCCCC,3.8392783333333336
*CC(*)(C)C(=O)OCCCCCCCCCCCC,3.843272
*CC(*)(C)C(=O)OC1CCCCC1,3.254558
*CC(*)(C)C(=O)Oc1ccccc1,2.7590456666666667
*CC(*)(C)C(=O)OCc1ccccc1,3.0649183333333334
*CC(*)(C)C(=O)OCCBr,3.763501666666667
*CC(*)(C)C(=O)OCc1ccccc1Cl,2.9366296666666667
*CC(*)(C)C(=O)OCCO,6.297208333333334
*CC(*)(C)C(=O)OCCN(C)C,4.631138666666666
*CC(*)C(N)=O,8.497672666666666
*CC(*)C(=O)NC(C)C,4.3965526666666666
*CC(*)C(=O)OC(CC)CC,4.079847666666668
*CC(*)C(=O)OC1CCCCC1,5.203012999999999
*CC(*)C(=O)OCC(C)(C)C,4.564713666666667
*CC(*)C(=O)OCCC#N,5.550189666666666
*CC(*)C(=O)N1CCCCC1,5.087171666666667
*CC(*)C(=O)N1CCOCC1,4.1943703333333335
*CC(*)C(=O)Oc1ccccc1,3.071494333333333
*CC(*)C(=O)Oc1ccc(OC)cc1,2.7962740000000004
*CC(*)C(=O)Oc1ccccc1C(=O)OC,3.1631483333333335
*CC(*)C(=O)Oc1ccccc1C(=O)OCC,3.613685666666667
*CC(*)C(=O)Oc1cccc(C(=O)OCC)c1,3.0048503333333336
*CC(*)C(=O)Oc1ccc(C(=O)OC)cc1,2.809626333333333
*CC(*)C(=O)Oc1ccc(C(=O)OCCCC)cc1,3.852353
*CC(*)C(=O)Oc1ccc(-c2ccccc2)cc1,2.512678666666667
*CC(*)C(=O)OCc1ccccc1,3.166927
*CC(*)C(=O)OCCc1ccccc1,3.4251090000000004
*CC(*)C(=O)Oc1cccc(N(C)C)c1,3.9439213333333334
*CC(*)C(=O)Oc1ccc(C#N)cc1,2.318808333333333
*CC(*)C(=O)OCc1ccc(C#N)cc1,3.3502113333333328
*CC(*)C(=O)Oc1ccc(Cl)cc1Cl,2.459894
*CC(*)C(=O)Oc1c(Cl)c(Cl)c(Cl)c(Cl)c1Cl,2.620293333333333
*CC(*)C(=O)N(C)C,4.131392666666667
*CC(*)(C)C(=O)OCCOC,4.737447333333333
*CC(*)(C)C(=O)OCC(C)O,5.488401666666666
*CC(*)(C)C(=O)OCCC#N,4.662758
*CC(*)(C)C(=O)OCCO[N+](=O)[O-],5.084868
*CC(*)(C)C(=O)OCCS(=O)CC,5.23654
*CC(*)(C)C(=O)Oc1ccc(CC#N)cc1,3.6782613333333334
*CC(*)(C)C(=O)Oc1ccc(C(=O)OC)cc1,2.509358666666667
*CC(*)(CC)C(=O)OCC,3.462478333333333
*CC(*)(CC(=O)OCC)C(=O)OCC,4.574531666666666
*CC(*)(CC(=O)OCCCC)C(=O)OCCCC,4.486081666666667
*CC(*)(CC(=O)OC1CCCCC1)C(=O)OC1CCCCC1,5.459452
*CC(*)(CC(=O)OCC1CCCCC1)C(=O)OCC1CCCCC1,3.806095666666667
*CC(*)(CC(=O)OCCC1CCCCC1)C(=O)OCCC1CCCCC1,4.205528666666666
*CC(*)(CC(=O)OCCCC1CCCCC1)C(=O)OCCCC1CCCCC1,3.892633666666667
*CC(*)(CC(=O)Oc1ccccc1)C(=O)Oc1ccccc1,2.80244
*CC(*)(CC(=O)OCc1ccccc1)C(=O)OCc1ccccc1,3.5321229999999995
*CC(*)(CC(=O)OCCc1ccccc1)C(=O)OCCc1ccccc1,4.505247333333333
*CC(*)(CC(=O)OCCCc1ccccc1)C(=O)OCCCc1ccccc1,3.717876333333334
*CC(*)(CC(=O)OC)C(=O)OC,4.733806666666666
*C(*)C(=O)OCC,3.377739
*C(*)C(=O)OC,3.4832883333333324
*C(*)C(=O)OCCC,4.412071666666667
*CC(*)(CC(=O)OCCC)C(=O)OCCC,4.814972333333333
*CC(*)C(=O)OCCO,6.862883
*CC(*)(CCC(C)C(=O)OC)C(=O)OC,4.130143
*CC(*)C(=O)OC1CCCCCCCCCCC1,4.472887
*C(C*)Cl,2.612873333333333
*C(C*)(F)F,4.344465333333334
*CC(*)(Cl)Cl,3.3803273333333337
*C(F)C(*)(F)F,4.397513
*C(F)(F)C(F)(F)*,3.316917333333334
*C(C(*)(F)F)(Cl)F,3.032491
*CCC=C(*)Cl,2.691008
*C(F)(F)C(*)(F)C(F)(F)F,2.3248703333333336
*/C(=C/CC*)C,3.1010123333333333
*CC/C=C(\*)C,2.430209
*CC/C=C(/*)Cl,3.2928763333333335
*CC/C=C(\*)Cl,2.8290010000000003
*CC(*)C=C,3.0978243333333335
*CCC=C(*)C,3.087001666666666
*OCC*,3.615540666666666
*OC(C*)C,3.722969333333334
*CC(CCl)O*,3.828486
*CCCCO*,3.1832833333333332
*Oc1c(cc(cc1C)*)C,2.053230666666667
*Oc1c(OC)cc(*)cc1OC,2.829123666666667
*Oc1c(-c2ccccc2)cc(*)cc1-c1ccccc1,2.3740886666666667
*C(=O)OCCOC(=O)c1ccc(*)o1,2.5272799999999997
*CCOCCOC(=O)c1cccc(C(=O)O*)c1,3.0110743333333336
*CCOc1ccc(C(=O)OCCOC(=O)c2ccc(O*)cc2)cc1,3.405514
*CCCCOc1ccc(C(=O)OCCOC(=O)c2ccc(O*)cc2)cc1,2.3398743333333334
*Oc1ccc(NC(=O)c2cccc(C(=O)Nc3ccc(*)cc3)c2)cc1,2.7284173333333337
*Oc1ccc(cc1)S(=O)(=O)c1ccc(cc1)*,2.8227713333333337
*Oc1ccc(cc1)S(=O)(=O)c1ccc(cc1)Oc1ccc(cc1)C(c1ccc(cc1)*)(C)C,2.820187
*Oc1ccc(cc1)C(c1ccc(cc1)OCC(C*)O)(C)C,3.0932486666666668
*CC1CC(*)OC(CCC)O1,3.503383
*Oc1ccc(cc1)Oc1ccc(cc1)C(=O)c1ccc(cc1)*,2.7344303333333335
*Oc1cccc(S(=O)(=O)c2ccc(*)cc2)c1,3.532831
*Oc1ccc(S(=O)(=O)c2ccc(Oc3ccc(C(c4ccc(*)cc4)(C(F)(F)F)C(F)(F)F)cc3)cc2)cc1,2.4914613333333335
*Oc1ccc(S(=O)(=O)c2ccc(Oc3c(C)cc(C(C)(C)c4cc(C)c(*)c(C)c4)cc3C)cc2)cc1,3.696946333333333
*Oc1ccc(S(=O)(=O)c2ccc(Oc3ccc(-c4ccc(*)cc4)cc3)cc2)cc1,2.6900360000000005
*Oc1ccc(Oc2ccc(Oc3ccc(S(=O)(=O)c4ccc(*)cc4)cc3)cc2)cc1,2.701363333333333
*c1ccc(-c2nc3cc4nc(*)oc4cc3o2)cc1,2.3046729999999997
*CCOCCOC(=O)c1ccc(-c2ccc(C(=O)O*)cc2)cc1,2.815773666666667
*Oc1ccc(S(=O)(=O)c2ccc(Oc3ccc(C(=O)c4cccc(C(=O)c5ccc(*)cc5)c4)cc3)cc2)cc1,2.592798
*CCCCCCOC(=O)Nc1ccc(C)c(NC(=O)OCCCCCCOc2ccc(-c3ccc(O*)cc3)cc2)c1,2.985916
*CS*,3.3072209999999997
*CCCSS*,3.16091
*Sc1ccc(cc1)*,2.3262816666666666
*Oc1ccc(Sc2ccc(OC(*)=O)cc2)cc1,2.847306666666667
*OC(=O)CCC(=O)OCC*,5.083672
*CCCCOC(=O)CCC(=O)O*,4.496498
*OC(=O)CCCCCCCCC(=O)OCC*,3.2060823333333337
*CCCCCCOC(=O)CCCCCCCCC(=O)O*,3.5768910000000003
*OC(=O)c1ccc(cc1)C(=O)OCC*,2.7231973333333332
*OC(=O)c1cc(ccc1)C(=O)OCC*,3.427354
*Oc1ccc(cc1)C(c1ccc(cc1)OC(=O)c1ccc(cc1)C(=O)*)(C)C,1.969462
*Oc1ccc(cc1)C(c1ccc(cc1)OC(=O)c1cc(ccc1)C(=O)*)(C)C,3.0159939999999996
*OC(=O)c1cc2c(cc1)ccc(c2)C(=O)OCC*,2.2071686666666666
*OC(=O)c1cc2c(cc1)cc(cc2)C(=O)OCC*,2.3648253333333336
*CCCCOC(=O)CCCCC(=O)O*,4.146833
*Oc1ccc(C2(c3ccc(OC(=O)c4cccc(C(*)=O)c4)cc3)c3ccccc3-c3ccccc32)cc1,2.324301666666667
*CCOC(=O)c1cccc2c(C(=O)O*)cccc12,2.855348
*CCOC(=O)c1ccc(C(=O)O*)c2ccccc12,3.3124626666666668
*CCCCCC(=O)O*,3.604899999999999
*CCCOC(=O)c1ccc(C(=O)O*)cc1,2.528905
*Oc1ccc(cc1)c1ccc(cc1)OC(=O)CCCCCC(=O)*,3.3348476666666667
*Oc1ccc(-c2ccc(OC(=O)CCCCCCC(*)=O)cc2)cc1,3.421945333333334
*Oc1ccc(-c2ccc(OC(=O)CCCCCCCC(*)=O)cc2)cc1,3.454527666666667
*Oc1ccc(-c2ccc(OC(=O)CCCCCCCCC(*)=O)cc2)cc1,2.7688466666666667
*Oc1ccc(-c2ccc(OC(=O)CCCCCCCCCC(*)=O)cc2)cc1,3.2517693333333333
*Oc1c(cc(cc1)OC(=O)c1ccc(cc1)c1ccc(cc1)C(=O)*)C,2.842716333333333
*Oc1ccc(cc1)S(=O)(=O)c1ccc(cc1)OC(=O)c1ccc(cc1)C(=O)*,3.1858850000000003
*Oc1ccc(-c2ccc(OC(=O)CCCCCCCCCCC(*)=O)cc2)cc1,3.1571423333333337
*Oc1ccc(-c2ccc(OC(=O)CCCCCCCCCCCC(*)=O)cc2)cc1,3.2238529999999996
*Oc1ccc(-c2ccc(OC(=O)CCCCCCCCCCCCC(*)=O)cc2)cc1,2.7041889999999995
*CC1CCC(COC(=O)CCC(=O)O*)CC1,4.0912983333333335
*OC(C)CC(*)=O,3.3189070000000003
*OC(C)C(*)=O,3.323137
*CC(C)(CCC)C(=O)O*,3.368539333333333
*OC(=O)c1ccc(cc1)c1ccc(cc1)C*,2.152869
*CC1CCC(COC(=O)CCCCCCCCC(=O)O*)CC1,3.928159
*OC(=O)c1ccc(cc1)C(=O)NCCNC(=O)c1ccc(cc1)C(=O)OCCCCCCCCCC*,3.716195
*CCOC(=O)C1CCC(C(=O)O*)CC1,4.125976333333333
*OC(=O)c1ccc(cc1)c1ccc(cc1)C(=O)OCC*,2.9238036666666667
*CCCCCCOC(=O)CCCCCCCC(=O)O*,3.909411666666666
*CCCCCCOC(=O)c1ccc(-c2ccc(C(=O)O*)cc2)cc1,2.757654333333334
*CC(C)(C)COC(=O)CCC(=O)O*,4.255976
*Oc1ccc(cc1)C(c1ccc(cc1)OC(=O)CCCCC(=O)*)(C)C,2.9227486666666667
*CCCCCOC(=O)c1ccc2cc(C(=O)O*)ccc2c1,2.7369570000000003
*CCCCOC(=O)c1ccc2cc(C(=O)O*)ccc2c1,3.175086666666667
*CCCOC(=O)c1ccc2cc(C(=O)O*)ccc2c1,2.055697666666666
*NC(=O)CCCCC(=O)NCCCCCC*,4.507923000000001
*CCCCCCC(=O)N*,5.333096666666666
*NC(=O)CCCCCCC*,4.4949873333333334
*CCCCCCCCNC(=O)CCCCCCCCC(=O)N*,4.023990333333334
*CCCCCCCCC(=O)N*,4.151780333333332
*CCCCCCCCCC(=O)N*,4.710256666666667
*NC(=O)CCCCCCCCCC*,4.132304333333334
*CCCCCCCCCCCC(=O)N*,4.704087333333334
*CCCCCCCCCCCCC(=O)N*,4.011943666666666
*NC(=O)c1cc(ccc1)C(=O)Nc1ccc(cc1)c1ccc(cc1)*,3.596874666666667
*CCCCCCNC(=O)c1cccc(C(=O)N*)c1,4.288085000000001
*NC1CC(C)(C)CC(C)(CNC(=O)CCCCC(*)=O)C1,4.964180000000001
*Cc1cccc(CNC(=O)CCCCC(=O)N*)c1,4.678993
*NC(=O)c1ccc(cc1)C(=O)Nc1ccc(cc1)*,3.855093000000001
*NC(=O)c1ccc(cc1)C(=O)Nc1ccc(cc1)c1ccc(cc1)*,4.111995666666667
*CCCCCCCCCNC(=O)c1ccc(C(=O)N*)cc1,3.9145036666666666
*S(=O)(=O)c1ccc(cc1)NC(=O)CCCCC(=O)Nc1ccc(cc1)*,4.708621
*NC(CCC(=O)OC)C(*)=O,4.4672176666666665
*C(=O)CCCCCCCCC(=O)N1CCN(*)CC1,4.035239000000001
*CCCC(=O)N*,4.908698666666666
*CCCCNC(=O)CCCCCCC(=O)N*,4.601661666666668
*CCCCCCCCCCCCNC(=O)CCCCCCCCCCC(=O)N*,3.410007333333333
*NC(=O)c1ccc(cc1)c1ccc(cc1)C(=O)NCCCCCC*,3.4201413333333335
*N(C(=O)CCCCC(=O)N(CCCCCC*)C)C,4.224371666666666
*N1C(CCC1)C(=O)*,3.3532353333333336
*NC(C(=O)*)CCC(=O)OCc1ccccc1,4.247288
*NC(C(=O)*)C,4.578536333333333
*NC1CCC(CC2CCC(NC(=O)CCCCCCCCCCCCC(*)=O)CC2)CC1,3.4420063333333335
*NC(CCC(=O)OCCCCC)C(*)=O,4.291123000000001
*NC(CCC(=O)OCCCCCC)C(*)=O,3.2244859999999997
*NC(CCC(=O)OCCC)C(*)=O,5.4802420000000005
*N(C(=O)c1ccc(cc1)C(=O)N(CCCC*)C)C,3.1002603333333334
*OC(=O)NCC(C(C(C(CNC(=O)OCCCC*)(F)F)(F)F)(F)F)(F)F,3.5812093333333337
*OC(=O)Nc1ccc(cc1)Cc1ccc(cc1)NC(=O)OCCCCCC*,3.409122
*OC(=O)Nc1ccc(cc1)Cc1ccc(cc1)NC(=O)OCc1cc(ccc1)C*,3.0233353333333333
*OC(=O)Nc1ccc(cc1)NC(=O)OCC*,3.672812333333334
*OC(=O)Nc1cc(ccc1)NC(=O)OCC*,4.672930333333334
*OC(=O)Nc1ccc(cc1)NC(=O)OCCCCCC*,3.2498173333333336
*OC(=O)Nc1c2c(ccc1)c(ccc2)NC(=O)OCC*,3.0419863333333335
*NC(=O)NCCCCCC*,3.799190999999999
*NC(=O)NCCCCCCNC(=O)Nc1ccc(cc1)Cc1ccc(cc1)*,3.1544243333333335
*NC(=O)Nc1ccc(cc1)Cc1ccc(cc1)*,2.567025
*c1ccc(Oc2ccc(N3C(=O)c4cc5C(=O)N(*)C(=O)c5cc4C3=O)cc2)cc1,2.47901
*c1ccc(Oc2ccc(Oc3ccc(N4C(=O)c5cc6C(=O)N(*)C(=O)c6cc5C4=O)cc3)cc2)cc1,2.9559026666666663
*n1c(=O)c2cc3c(cc2c1=O)c(=O)n(c3=O)CCCCCCCCC*,2.478006333333334
*c1ccc(Oc2ccc(N3C(=O)c4ccc(Oc5ccc6c(c5)C(=O)N(*)C6=O)cc4C3=O)cc2)cc1,2.7882643333333337
*c1cc2c(C(=O)N(C2=O)c2ccc(cc2)S(=O)(=O)c2ccc(cc2)N2C(=O)c3c(C2=O)cc(cc3)C(=O)Nc2ccc(cc2)NC(=O)*)cc1,2.764347
*c1cc2c(C(=O)N(C2=O)c2ccc(cc2)Oc2ccc(cc2)N2C(=O)c3c(C2=O)cc(cc3)C(C(C(*)(F)F)(F)F)(F)F)cc1,1.9312873333333331
*c1ccc(-c2ccc(-c3ccc(-n4c(=O)c5cc6c(=O)n(*)c(=O)c6cc5c4=O)cc3)cc2)cc1,2.436501333333334
*c1ccc(Cc2ccc(-n3c(=O)c4cc5c(=O)n(*)c(=O)c5cc4c3=O)c(C)c2)cc1C,2.5353483333333333
*c1ccc(N2C(=O)c3cc4C(=O)N(*)C(=O)c4cc3C2=O)cc1,2.922922333333333
*c1ccc(-c2ccc(-n3c(=O)c4cc5c(=O)n(*)c(=O)c5cc4c3=O)cc2)cc1,1.8019046666666665
*c1ccc(-c2ccc(-n3c(=O)c4cc5c(=O)n(*)c(=O)c5cc4c3=O)c(C)c2)cc1C,2.693259666666667
*c1cccc(N2C(=O)c3cc4C(=O)N(*)C(=O)c4cc3C2=O)c1,1.986687
*c1cccc(-n2c(=O)c3cc4c(=O)n(*)c(=O)c4cc3c2=O)c1C,1.9136023333333336
*c1c(C)c(C)c(-n2c(=O)c3cc4c(=O)n(*)c(=O)c4cc3c2=O)c(C)c1C,2.2325973333333335
[*]C=C[*],1.5217303333333334
[*]CC([*])OCC(C)C,4.087816
[*]C(C)=C([*])c1ccccc1,2.4379823333333333
[*]CC([*])C(=O)NCCCCCCCCCCCC,3.765890666666667
[*]CC([*])C(=O)NCCCCCCCCCCCCCCCCCC,3.80476
[*]CC([*])(C)C(=O)OCC(CC)CCCC,3.2335293333333333
[*]CC([*])C(=O)NCCCCCCCCC=CCCCCCCCC,3.5206389999999996
[*]C([*])(F)F,3.0946039999999995
[*]CCC(F)(F)C([*])(F)F,3.139241
[*]CC(CC([*])(F)F)(C(F)(F)F)C(F)(F)F,3.383218333333333
[*]CC([*])=C,2.985833666666667
[*]CC(C)(C)O[*],3.3017380000000003
[*]OC(C)(C)C([*])C,2.880683
[*]COCC([*])(CCl)CCl,3.5973723333333343
[*]Oc1ccc([*])cc1,2.8363453333333335
[*]OC1C(C)(C)C([*])C1(C)C,1.572921333333333
[*]OCCOc1ccc(C([*])=O)cc1,2.4666026666666663
[*]OC(=O)c1ccc(OCCCOc2ccc(C([*])=O)cc2)cc1,2.7992329999999996
[*]c1ccc(C(=O)OCCOC(=O)c2ccc(C([*])(C)CC)cc2)cc1,2.9263966666666668
[*]OC1CCCCC1[*],3.6938656666666665
[*]Oc1ccc(OC(=O)c2ccc(OCCOc3ccc(C([*])=O)cc3)cc2)c(Cl)c1,2.1976706666666668
[*]C(=O)c1ccc(Oc2ccc(C(c3ccc(Oc4ccc([*])cc4)cc3)(C(F)(F)F)C(F)(F)F)cc2)cc1,2.530398666666667
[*]c1ccc(Oc2ccc(C(=O)c3ccc(C(=O)c4ccc(Oc5ccc(C([*])(C)C)cc5)cc4)cc3)cc2)cc1,2.668665666666667
[*]c1ccc(Oc2ccc(S(=O)(=O)c3ccc(-c4ccc(S(=O)(=O)c5ccc(Oc6ccc(C([*])(C)C)cc6)cc5)cc4)cc3)cc2)cc1,2.705871333333333
[*]Oc1ccc(OCCCCCCCCCCOc2ccc(OC(=O)c3ccc(C([*])=O)cc3)cc2)cc1,2.832711
[*]CCCCC(=O)Nc1cccc(Oc2ccc(NC([*])=O)cc2)c1,2.939602333333333
[*]c1ccc(Oc2ccc(-c3cc(-c4ccccc4)c4cc(Oc5ccc6nc([*])cc(-c7ccccc7)c6c5)ccc4n3)cc2)cc1,2.1674733333333336
[*]c1ccc2oc([*])nc2c1,1.7931096666666666
[*]Oc1ccc(C(=O)c2ccc(Oc3ccc([*])cc3C)cc2)cc1,2.2794533333333336
[*]NC(=O)c1ccc(Oc2ccc(C(=O)Nc3cc(SCCC#N)c([*])cc3SCCC#N)cc2)cc1,3.135953
[*]c1ccc(Oc2ccc(-c3nc4cc5sc([*])nc5cc4s3)cc2)cc1,1.5838759999999998
[*]c1ccc(Oc2ccc(-c3nc4ccccc4n3-c3ccc(-c4ccc(-n5c(-c6ccc(Oc7ccc(S([*])(=O)=O)cc7)cc6)nc6ccccc65)cc4)cc3)cc2)cc1,2.637034
[*]C(=O)c1ccc(C(=O)c2ccc(Oc3ccc(-c4nc5ccccc5n4-c4ccc(-c5ccc(-n6c(-c7ccc(Oc8ccc([*])cc8)cc7)nc7ccccc76)cc5)cc4)cc3)cc2)cc1,2.743264
[*]C(=O)c1ccc(C(=O)c2ccc(Oc3ccc(-c4nc5ccccc5n4-c4ccc(-n5c(-c6ccc(Oc7ccc([*])cc7)cc6)nc6ccccc65)cc4)cc3)cc2)cc1,2.2730626666666662
[*]C(=O)c1cccc(C(=O)c2ccc(Oc3ccc(-c4nc5ccccc5n4-c4ccc(-c5ccc(-n6c(-c7ccc(Oc8ccc([*])cc8)cc7)nc7ccccc76)cc5)cc4)cc3)cc2)c1,2.267669666666667
[*]C(=O)c1ccc(Oc2ccc(-c3nc4ccccc4n3-c3ccc(-c4ccc(-n5c(-c6ccc(Oc7ccc(C(=O)c8ccc(Oc9ccc([*])cc9)cc8)cc7)cc6)nc6ccccc65)cc4)cc3)cc2)cc1,2.584333333333334
[*]C(=O)c1ccc(Oc2ccc(-c3nc4ccccc4n3-c3ccc(-n4c(-c5ccc(Oc6ccc(C(=O)c7ccc(Oc8ccc([*])cc8)cc7)cc6)cc5)nc5ccccc54)cc3)cc2)cc1,2.663113666666667
[*]Nc1cccc(Oc2ccc(NC(=O)c3cccc(C([*])=O)c3)cc2)c1,3.030346333333333
[*]Oc1cc2ccccc2cc1Oc1ccc2c(c1)C(=O)N(c1cccc(N3C(=O)c4ccc([*])cc4C3=O)c1)C2=O,2.1807106666666662
[*]Oc1cc2ccccc2cc1Oc1ccc2c(c1)C(=O)N(c1ccc(Oc3ccc(N4C(=O)c5ccc([*])cc5C4=O)cc3)cc1)C2=O,2.233713
[*]Oc1cc2ccccc2cc1Oc1ccc2c(c1)C(=O)N(c1cccc(Oc3ccc(N4C(=O)c5ccc([*])cc5C4=O)cc3)c1)C2=O,2.340034333333333
[*]Oc1cc2ccccc2cc1Oc1ccc2c(c1)C(=O)N(c1ccc(Oc3ccc(Oc4ccc(N5C(=O)c6ccc([*])cc6C5=O)cc4)cc3)cc1)C2=O,2.066081333333333
[*]Oc1cc2ccccc2cc1Oc1ccc2c(c1)C(=O)N(c1ccc(Oc3ccc(-c4ccc(Oc5ccc(N6C(=O)c7ccc([*])cc7C6=O)cc5)cc4)cc3)cc1)C2=O,2.2309456666666665
[*]c1cc(C)c(N2C(=O)c3ccc(Oc4cc5ccccc5cc4Oc4ccc5c(c4)C(=O)N(c4c(C)cc([*])cc4C)C5=O)cc3C2=O)c(C)c1,2.02418
[*]CC(O)COc1ccc(C(C)(C)c2ccc(OCC(O)CN(C)S(=O)(=O)c3cccc(S(=O)(=O)N([*])C)c3)cc2)cc1,4.490883666666667
[*]Nc1ccc(Oc2ccc(S(=O)(=O)c3ccc(Oc4ccc(NC(=O)c5ccc(Oc6ccc(Oc7ccc(C([*])=O)cc7)cc6)cc5)cc4)cc3)cc2)cc1,2.9812830000000003
[*]Oc1ccc(C(=O)Nc2ccc(Oc3ccc(Oc4ccc(NC(=O)c5ccc(Oc6ccc([*])cc6C)cc5)cc4)cc3)cc2)cc1,2.327519333333333
[*]Nc1ccc(Oc2ccc(NC(=O)c3ccc(Oc4ccc(Oc5ccc(C([*])=O)cc5)cc4-c4ccccc4)cc3)cc2)cc1,2.4343213333333336
[*]Nc1ccc(Cc2ccc(NC(=O)c3ccc(Oc4ccc(Oc5ccc(C([*])=O)cc5)cc4-c4ccccc4)cc3)cc2)cc1,2.888004333333333
[*]Nc1ccc(Oc2ccc(Oc3ccc(NC(=O)c4ccc(Oc5ccc(Oc6ccc(C([*])=O)cc6)cc5-c5ccccc5)cc4)cc3)cc2)cc1,2.5828133333333327
[*]Nc1ccc(Oc2ccc(-c3ccc(Oc4ccc(NC(=O)c5ccc(Oc6ccc(Oc7ccc(C([*])=O)cc7)cc6-c6ccccc6)cc5)cc4)cc3)cc2)cc1,2.4466516666666664
[*]c1ccc(Oc2ccc(C3(c4ccc(Oc5ccc(S([*])(=O)=O)cc5)cc4)c4ccccc4-c4ccccc43)cc2)cc1,3.3326913333333334
[*]c1ccc(Oc2ccc(C(=O)Nc3cccc(NC(=O)c4ccc(Oc5ccc(C(C)(C)c6ccc(C([*])(C)C)cc6)cc5)cc4)c3)cc2)cc1,2.4697633333333333
[*]c1ccc(Oc2ccc(C(=O)Nc3ccc(Oc4ccc(C(c5ccc(Oc6ccc(NC(=O)c7ccc(Oc8ccc(C(C)(C)c9ccc(C([*])(C)C)cc9)cc8)cc7)cc6)cc5)(C(F)(F)F)C(F)(F)F)cc4)cc3)cc2)cc1,2.782319666666667
[*]c1ccc(Oc2ccc(C(=O)Nc3ccc(NC(=O)c4ccc(Oc5ccc(C(C)(C)c6cccc(C([*])(C)C)c6)cc5)cc4)cc3)cc2)cc1,3.0558156666666667
[*]c1ccc(Oc2ccc(C(=O)Nc3ccc(Oc4ccc(-c5ccc(Oc6ccc(NC(=O)c7ccc(Oc8ccc(C(C)(C)c9cccc(C([*])(C)C)c9)cc8)cc7)cc6)cc5)cc4)cc3)cc2)cc1,2.6608286666666667
[*]c1ccc(Oc2ccc(C(=O)Nc3ccc(Oc4ccc(S(=O)(=O)c5ccc(Oc6ccc(NC(=O)c7ccc(Oc8ccc(C(C)(C)c9cccc(C([*])(C)C)c9)cc8)cc7)cc6)cc5)cc4)cc3)cc2)cc1,3.18255
[*]OCC1CCC(COC(=O)c2ccc(C([*])=O)cc2)CC1,2.3303320000000003
[*]CCC(=O)OCCCCCCOC([*])=O,4.665535
[*]CC(=O)O[*],4.766401999999999
[*]CCCCOC([*])=O,4.371136666666668
[*]CCCCCCCCCCCCCCOC([*])=O,3.62308
[*]CCCCCCCCCCCOC([*])=O,3.2960623333333334
[*]CCCCCCCCCCCCCCCOC([*])=O,3.694420666666667
[*]COC(=O)C([*])(C)C,3.112881
[*]COC(=O)C([*])(C)CC,2.860179333333333
[*]CC(OC([*])=O)C(Cl)(Cl)Cl,3.3446646666666666
[*]CC(=O)OCCCCCCCCCCCCCCCCCCCCOC([*])=O,3.751816666666667
[*]Oc1cccc(C([*])=O)c1,2.2562529999999996
[*]Oc1ccc(OC(=O)c2ccc(C([*])=O)cc2)cc1,2.561424666666667
[*]COCC(=O)OCCCCOC([*])=O,4.8167903333333335
[*]c1ccc(C(=O)Oc2ccc(C(C)(C)c3ccc(OC(=O)c4ccc(C([*])(C)CC)cc4)cc3)cc2)cc1,2.4974813333333334
[*]CCCCCCCC(=O)NCCCCCCNC([*])=O,4.200188666666667
[*]CCCCCCCCC(=O)NCCCCCCCCCCNC([*])=O,4.322317666666667
[*]NCCCCCCCCCCCCNC(=O)c1ccc(C([*])=O)cc1,2.934543333333333
[*]CCNC(=O)c1ccc(C(=O)NCC(C)(C)CC([*])C)cc1,3.852718333333333
[*]Nc1ccc(Cc2ccc(NC(=O)c3ccc(C([*])=O)cc3)cc2)cc1,2.560883666666667
[*]Nc1ccc(C([*])=O)cc1,4.315279
[*]NCCCCCCCCCCNC(=O)c1ccc(C([*])=O)cc1,2.8137260000000004
[*]CCCCCCCCC(=O)Nc1ccc(NC([*])=O)cc1,3.776041
[*]Nc1ccc(Cc2ccc(NC(=O)OCCOC([*])=O)cc2)cc1,3.4979333333333336
[*]Oc1cccc(Oc2ccc3c(c2)C(=O)N(c2ccc(Oc4cccc(Oc5ccc(N6C(=O)c7ccc([*])cc7C6=O)cc5)c4)cc2)C3=O)c1,3.090802666666667
[*]c1ccc2c(c1)C(=O)N(c1cccc(Oc3cccc(N4C(=O)c5ccc(C(F)(F)C(F)(F)C([*])(F)F)cc5C4=O)c3)c1)C2=O,2.753671
[*]c1ccc(Cc2ccc(-n3c(=O)c4cc5c(=O)n([*])c(=O)c5cc4c3=O)cc2)cc1,2.472838666666666
[*]C(=O)c1ccc(-n2c(=O)c3cc4c(=O)n(-c5ccc([*])cc5)c(=O)c4cc3c2=O)cc1,1.922769
[*]c1ccc(-c2ccc(-c3ccc(-n4c(=O)c5cc6c(=O)n([*])c(=O)c6cc5c4=O)cc3)cc2)cc1,2.215002666666667
[*]c1ccc(-n2c(=O)c3cc4c(=O)n([*])c(=O)c4cc3c2=O)cc1,3.2282276666666667
[*]C(=O)c1cccc(C(=O)c2ccc(Oc3ccc(-n4c(=O)c5cc6c(=O)n(-c7ccc(Oc8ccc([*])cc8)cc7)c(=O)c6cc5c4=O)cc3)cc2)c1,2.376405
[*]c1ccc(Oc2ccc(Oc3ccc(Oc4ccc(Oc5ccc(-n6c(=O)c7cc8c(=O)n([*])c(=O)c8cc7c6=O)cc5)cc4)cc3)cc2)cc1,2.462922333333333
[*]c1ccc(Oc2ccc(Oc3ccc(Oc4ccc(-n5c(=O)c6cc7c(=O)n([*])c(=O)c7cc6c5=O)cc4)cc3)cc2)cc1,2.852886
[*]C(=O)c1cccc(C(=O)c2ccc(Oc3ccc(N4C(=O)c5ccc(Oc6ccc7c(c6)C(=O)N(c6ccc(Oc8ccc([*])cc8)cc6)C7=O)cc5C4=O)cc3)cc2)c1,2.4614493333333334
[*]Oc1ccc2c(c1)C(=O)N(c1ccc(Oc3cccc(N4C(=O)c5ccc([*])cc5C4=O)c3)cc1)C2=O,2.0739846666666666
[*]C(=O)c1ccc(N2C(=O)c3ccc(C(=O)c4ccc5c(c4)C(=O)N(c4ccc([*])cc4)C5=O)cc3C2=O)cc1,2.437372
[*]C(=O)c1ccc2c(c1)C(=O)N(c1cccc(Cc3cccc(N4C(=O)c5ccc([*])cc5C4=O)c3)c1)C2=O,2.5863223333333334
[*]c1ccc(Oc2cccc3c2C(=O)N(c2cccc(N4C(=O)c5cccc(Oc6ccc(C([*])(C)C)cc6)c5C4=O)c2)C3=O)cc1,2.9166259999999995
[*]Oc1cccc(Oc2ccc3c(c2)C(=O)N(c2ccc(Oc4ccc(N5C(=O)c6ccc([*])cc6C5=O)cc4)cc2)C3=O)c1,2.423172666666667
[*]c1ccc2c(c1)C(=O)N(c1ccc(Oc3cccc4c(Oc5ccc(N6C(=O)c7ccc(S([*])(=O)=O)cc7C6=O)cc5)cccc34)cc1)C2=O,3.0640936666666665
[*]Nc1cccc(NC(=O)c2ccc3c(c2)C(=O)N(c2ccc(Oc4cccc5c(Oc6ccc(N7C(=O)c8ccc(C([*])=O)cc8C7=O)cc6)cccc45)cc2)C3=O)c1,2.627756
[*]Nc1ccc(C(c2ccc(NC(=O)c3ccc4c(c3)C(=O)N(c3ccc(Oc5cccc6c(Oc7ccc(N8C(=O)c9ccc(C([*])=O)cc9C8=O)cc7)cccc56)cc3)C4=O)cc2)(C(F)(F)F)C(F)(F)F)cc1,2.2058026666666666
[*]c1ccc(Oc2ccc(NC(=O)c3ccc4c(c3)C(=O)N(c3ccc(Oc5cccc6c(Oc7ccc(N8C(=O)c9ccc(C(=O)Nc%10ccc(Oc%11ccc(C([*])(C)C)cc%11)cc%10)cc9C8=O)cc7)cccc56)cc3)C4=O)cc2)cc1,2.9628933333333336
[*]Nc1ccc(Oc2ccc(C(c3ccc(Oc4ccc(NC(=O)c5ccc6c(c5)C(=O)N(c5ccc(Oc7cccc8c(Oc9ccc(N%10C(=O)c%11ccc(C([*])=O)cc%11C%10=O)cc9)cccc78)cc5)C6=O)cc4)cc3)(C(F)(F)F)C(F)(F)F)cc2)cc1,2.7655236666666667
[*]Nc1ccc(-c2sc(-c3ccc(NC(=O)c4ccc5c(c4)C(=O)N(c4ccc(Oc6cccc7c(Oc8ccc(N9C(=O)c%10ccc(C([*])=O)cc%10C9=O)cc8)cccc67)cc4)C5=O)cc3)c(-c3ccccc3)c2-c2ccccc2)cc1,2.272134666666667
[*]c1ccc(Oc2cc3ccccc3cc2Oc2ccc(-n3c(=O)c4cc5c(=O)n([*])c(=O)c5cc4c3=O)cc2)cc1,2.0559613333333333
[*]Oc1ccc(C2(c3ccc(OC([*])=O)cc3)CC3CCC2C3)cc1,3.2385786666666667
[*]c1ccc(N=C=Nc2ccc([*])cc2OC)c(OC)c1,2.677497333333333
[*]CCCCCCCCc1ccc2[nH]c(-c3nc4cc([*])ccc4[nH]3)nc2c1,2.77825
[*]CCN1C(=O)CC([*])C1=O,4.530478333333332
[*]CCC([*])=O,4.753312333333334
[*]CCc1ccc([*])cc1,2.9725076666666665
[*]CCc1ccc([*])cc1CC,3.761698
[*]CCc1ccc([*])cc1C#N,2.938393
[*]CCc1ccc([*])cc1Br,1.9051636666666667
[*]C(CC)=C([*])c1ccccc1,2.956449
[*]C(CCCCCC)=C([*])c1ccccc1,3.814042
[*]C(Cl)=C([*])c1ccccc1,2.421684
[*]C=CC(C(=O)OCC)C([*])C(=O)OCC,4.135834333333333
[*]C(=C([*])c1ccc(CCCC)cc1)c1ccccc1,3.4174873333333333
[*]C(C)=C([*])SCCCCCCCCCC,3.924244999999999
[*]c1ccc(OC(=O)OC2CC3CC(OC(=O)Oc4ccc(C([*])(C)C)cc4)CC(C2)O3)cc1,2.3655566666666665
[*]Oc1ccc(S(=O)(=O)c2ccc(OC(=O)OC3CC4CC(OC([*])=O)CC(C3)O4)cc2)cc1,3.208292
[*]C(=O)c1ccc(Oc2ccc(-c3ccc(Oc4ccc([*])cc4)cc3)cc2)cc1,2.355389
[*]Nc1cccc(NC(=O)c2ccc(Oc3ccc4ccc(Oc5ccc(C([*])=O)cc5)cc4c3)cc2)c1,2.9638756666666666
[*]Nc1ccc(Oc2cccc(NC(=O)c3ccc(Oc4ccc5ccc(Oc6ccc(C([*])=O)cc6)cc5c4)cc3)c2)cc1,2.575483666666667
[*]c1ccc(NC(=O)c2ccc(Oc3ccc4ccc(Oc5ccc(C(=O)Nc6ccc(C(C)(C)c7ccc(C([*])(C)C)cc7)cc6)cc5)cc4c3)cc2)cc1,2.864395666666667
[*]c1ccc(Oc2ccc(NC(=O)c3ccc(Oc4ccc5ccc(Oc6ccc(C(=O)Nc7ccc(Oc8ccc(C([*])(C)C)cc8)cc7)cc6)cc5c4)cc3)cc2)cc1,2.460331
[*]c1ccc(Oc2ccc(NC(=O)c3ccc(Oc4ccc5ccc(Oc6ccc(C(=O)Nc7ccc(Oc8ccc(C([*])(C)c9ccccc9)cc8)cc7)cc6)cc5c4)cc3)cc2)cc1,3.429142
[*]Nc1ccc(Oc2ccc(C(c3ccc(Oc4ccc(NC(=O)c5ccc(Oc6ccc7ccc(Oc8ccc(C([*])=O)cc8)cc7c6)cc5)cc4)cc3)(C(F)(F)F)C(F)(F)F)cc2)cc1,2.392367666666667
[*]c1ccc(Oc2ccc(NC(=O)c3ccc(Oc4ccc5ccc(Oc6ccc(C(=O)Nc7ccc(Oc8ccc(C(C)(C)c9ccc(C([*])(C)C)cc9)cc8)cc7)cc6)cc5c4)cc3)cc2)cc1,2.4884893333333333
[*]C(=O)c1ccc(Oc2ccc(-c3cc(-c4ccc(Oc5ccc([*])cc5)cc4)n(-c4ccccc4)n3)cc2)cc1,2.1896036666666667
[*]C(=O)c1ccc(Oc2ccc(-c3cc(-c4ccc(Oc5ccc([*])cc5)cc4)[nH]n3)cc2)cc1,2.408027
[*]c1ccc(Oc2ccc(C(=O)c3ccc(Oc4ccc(C5([*])NC(=O)c6ccccc65)cc4)cc3)cc2)cc1,2.7818886666666667
[*]c1ccc(Oc2ccc(C(=O)c3ccc(Oc4ccc(C([*])c5ccccc5C(=O)O)cc4)cc3)cc2)cc1,3.177751666666667
[*]Nc1ccc(Oc2ccc(-c3nnc(-c4ccc(Oc5ccc(NC(=O)c6cc(C([*])=O)cc(N7C(=O)c8ccccc8C7=O)c6)cc5)cc4)o3)cc2)cc1,2.8142813333333336
[*]Nc1cccc(Oc2ccc(-c3nnc(-c4ccc(Oc5cccc(NC(=O)c6cc(C([*])=O)cc(N7C(=O)c8ccccc8C7=O)c6)c5)cc4)o3)cc2)c1,2.8518236666666668
[*]Nc1ccc(Oc2ccc(-c3nnc(-c4ccc(Oc5ccc(NC(=O)c6cc(C([*])=O)cc(N7C(=O)c8c(Cl)c(Cl)c(Cl)c(Cl)c8C7=O)c6)cc5)cc4)o3)cc2)cc1,2.5957616666666667
[*]Nc1cccc(Oc2ccc(-c3nnc(-c4ccc(Oc5cccc(NC(=O)c6cc(C([*])=O)cc(N7C(=O)c8c(Cl)c(Cl)c(Cl)c(Cl)c8C7=O)c6)c5)cc4)o3)cc2)c1,2.480403
[*]c1ccc(Oc2ccc(S(=O)(=O)c3ccc(Oc4ccc(C5([*])OC(=O)c6ccccc65)cc4)cc3)cc2)cc1,2.5350806666666665
[*]Nc1ccc(Oc2ccc3cccc(Oc4ccc(NC(=O)c5cccc(C([*])=O)c5)cc4)c3c2)cc1,2.97378
[*]C(=O)Nc1ccc(Oc2ccc3cccc(Oc4ccc(NC(=O)c5cc([*])cc(C(C)(C)C)c5)cc4)c3c2)cc1,2.9509700000000003
[*]Nc1ccc(Oc2ccc3cccc(Oc4ccc(NC(=O)c5ccc(Oc6ccccc6Oc6ccc(C([*])=O)cc6)cc5)cc4)c3c2)cc1,2.3598003333333337
[*]Nc1ccc(Oc2ccc3cccc(Oc4ccc(NC(=O)c5ccc(Oc6ccc(S(=O)(=O)c7ccc(Oc8ccc(C([*])=O)cc8)cc7)cc6)cc5)cc4)c3c2)cc1,2.429451333333333
[*]c1ccc(Oc2ccc(C(=O)Nc3ccc(Oc4ccc5cccc(Oc6ccc(NC(=O)c7ccc(Oc8ccc(C([*])(C)c9ccccc9)cc8)cc7)cc6)c5c4)cc3)cc2)cc1,2.298006333333334
[*]c1ccc(Oc2ccc(C(=O)c3ccc(Oc4ccc(S(=O)(=O)c5ccc(Oc6ccc(C([*])(C)C)cc6)cc5)cc4)cc3)cc2)cc1,2.396681333333333
[*]C(=O)c1ccc(Oc2ccc(S(=O)(=O)c3ccc(Oc4ccc(Oc5ccc([*])cc5)cc4)cc3)cc2)cc1,2.4453799999999997
[*]C(=O)c1ccc(Oc2ccc(S(=O)(=O)c3ccc(Oc4ccc(-c5ccc(Oc6ccc([*])cc6)cc5)cc4)cc3)cc2)cc1,2.8292226666666664
[*]C(=O)c1ccc(Oc2ccc3cc(Oc4ccc(S(=O)(=O)c5ccc(Oc6ccc([*])cc6)cc5)cc4)ccc3c2)cc1,2.3605133333333335
[*]c1ccc2oc(-c3ccc(Oc4ccc(-c5nc6cc(C([*])(C(F)(F)F)C(F)(F)F)ccc6o5)cc4)cc3)nc2c1,2.3370466666666667
[*]C(=O)c1cccc(Oc2ccc([*])cc2)c1,2.7757183333333333
[*]Oc1ccc(C(=O)c2ccc(Oc3cc(C)c(C(c4cc(C(C)C)c([*])cc4C)c4ccccc4C(=O)O)cc3C(C)C)cc2)cc1,3.0217620000000003
[*]Oc1ccc(C(=O)Nc2ccc(Oc3ccc(NC(=O)c4ccc(Oc5ccc([*])cc5C)cc4)cc3)cc2)cc1,2.8058336666666666
[*]Oc1ccc(C(=O)Nc2ccc(Cc3ccc(NC(=O)c4ccc(Oc5ccc([*])cc5C)cc4)cc3)cc2)cc1,2.756490666666666
[*]Nc1ccc(NC(=O)c2ccc(Oc3ccc(Oc4ccc(C([*])=O)cc4)cc3-c3ccccc3)cc2)cc1,2.7310570000000003
[*]Nc1ccc(Oc2ccc(C(c3ccc(Oc4ccc(NC(=O)c5ccc6cc(C([*])=O)ccc6c5)cc4)cc3)(C(F)(F)F)C(F)(F)F)cc2)cc1,2.4357886666666664
[*]c1ccc(Oc2ccc(C(=O)c3cccc(C(=O)c4ccc(Oc5ccc(C([*])(C)C)cc5)cc4)c3)cc2)cc1,2.423496666666667
[*]C(=O)c1cccc(C(=O)c2ccc(Oc3ccc(C4(c5ccc(Oc6ccc([*])cc6)cc5)c5ccccc5-c5ccccc54)cc3)cc2)c1,2.6579509999999997
[*]c1ccc2nc(-c3ccc(OCCCCOc4ccc(-c5nc6ccc([*])cc6nc5-c5ccccc5)cc4)cc3)c(-c3ccccc3)nc2c1,2.431941333333333
[*]c1ccc(Oc2ccc(P(C)(=O)c3ccc(Oc4ccc(C([*])(C)C)cc4)cc3)cc2)cc1,2.4291733333333334
[*]c1ccc(Oc2ccc(C(c3ccccc3)(c3ccc(Oc4ccc(P([*])(C)=O)cc4)cc3)C(F)(F)F)cc2)cc1,2.486726333333333
[*]c1ccc(Oc2ccc(C(c3ccc(Oc4ccc(P([*])(C)=O)cc4)cc3)(C(F)(F)F)C(F)(F)F)cc2)cc1,2.313781666666667
[*]c1ccc(Oc2ccc(Oc3ccc(P([*])(C)=O)cc3)cc2)cc1,3.231603333333334
[*]c1ccc(Oc2ccc(S(=O)(=O)c3ccc(Oc4ccc(P([*])(C)=O)cc4)cc3)cc2)cc1,2.9232976666666666
[*]c1ccc(OCC(O)CN(CCO)CC(O)COc2ccc(C([*])(C)C)cc2)cc1,4.268798333333333
[*]c1ccc(OCC(O)CN2CCN(CC(O)COc3ccc(C([*])(C)C)cc3)CC2)cc1,3.689028666666667
[*]C(=O)c1ccc2cc(C(=O)c3ccc(Oc4ccc(-c5nc(-c6ccc(-c7nc(-c8ccc(Oc9ccc([*])cc9)cc8)c(-c8ccccc8)[nH]7)cc6)[nH]c5-c5ccccc5)cc4)cc3)ccc2c1,2.551102333333333
[*]C(=O)c1cccc(C(=O)c2ccc(Oc3ccc(-c4nc(-c5ccc(-c6nc(-c7ccc(Oc8ccc([*])cc8)cc7)c(-c7ccccc7)[nH]6)cc5)[nH]c4-c4ccccc4)cc3)cc2)c1,2.9378686666666667
[*]C(=O)c1ccc(Oc2ccc(-c3nc(-c4cccc(-c5nc(-c6ccc(Oc7ccc([*])cc7)cc6)c(-c6ccccc6)[nH]5)c4)[nH]c3-c3ccccc3)cc2)cc1,2.1912986666666665
[*]C(=O)c1ccc(-c2ccc(C(=O)c3ccc(Oc4ccc(-c5nc(-c6cccc(-c7nc(-c8ccc(Oc9ccc([*])cc9)cc8)c(-c8ccccc8)[nH]7)c6)[nH]c5-c5ccccc5)cc4)cc3)cc2)cc1,2.429755333333333
[*]C(=O)c1cccc(-c2cccc(C(=O)c3ccc(Oc4ccc(-c5nc(-c6cccc(-c7nc(-c8ccc(Oc9ccc([*])cc9)cc8)c(-c8ccccc8)[nH]7)c6)[nH]c5-c5ccccc5)cc4)cc3)c2)c1,2.821111666666667
[*]C(=O)c1ccc(Oc2ccc(-c3[nH]c(-c4ccccc4)nc3-c3ccc(Oc4ccc([*])cc4)cc3)cc2)cc1,2.5851703333333327
[*]C(=O)c1ccc(C(=O)c2ccc(Oc3ccc(-c4[nH]c(-c5ccccc5)nc4-c4ccc(Oc5ccc([*])cc5)cc4)cc3)cc2)cc1,2.205402666666666
[*]C(=O)c1cccc(C(=O)c2ccc(Oc3ccc(-c4[nH]c(-c5ccccc5)nc4-c4ccc(Oc5ccc([*])cc5)cc4)cc3)cc2)c1,3.021786333333333
[*]C(=O)c1ccc(C(=O)c2ccc(C(=O)c3ccc(Oc4ccc(-c5[nH]c(-c6ccccc6)nc5-c5ccc(Oc6ccc([*])cc6)cc5)cc4)cc3)cc2)cc1,2.5430893333333335
[*]Oc1ccc(OCCCCCCOc2ccc(OC(=O)c3ccc(C([*])=O)cc3)cc2)cc1,2.607015
[*]c1ccc(Oc2ccc(-c3ccc(Oc4ccc(-c5nc([*])nc(-c6ccccc6)n5)cc4)cc3)cc2)cc1,2.0062446666666665
[*]c1ccc(Oc2ccc(-c3nc(-c4ccccc4)nc(-c4ccc(Oc5ccc(C([*])(C)C)cc5)cc4)n3)cc2)cc1,2.0055383333333334
[*]c1ccc(Oc2ccc3ccc(Oc4ccc(-c5nc([*])nc(-c6ccccc6)n5)cc4)cc3c2)cc1,1.742398
[*]c1ccc(Oc2ccc(Sc3ccc(Oc4ccc(-c5nc([*])nc(-c6ccccc6)n5)cc4)cc3)cc2)cc1,2.16914
[*]c1ccc(Oc2ccc(Oc3ccc(Oc4ccc(-c5nc([*])nc(-c6ccccc6)n5)cc4)cc3)cc2)cc1,1.7667716666666669
[*]c1ccc(Oc2ccc(C(c3ccccc3)(c3ccccc3)c3ccc(Oc4ccc(-c5nc([*])nc(-c6ccccc6)n5)cc4)cc3)cc2)cc1,2.3516883333333336
[*]c1ccc(Oc2ccc(Oc3ccc(-c4nc5ccccc5nc4-c4ccc(Oc5ccc(Oc6ccc(P([*])(=O)c7ccccc7)cc6)cc5)cc4)cc3)cc2)cc1,2.4432409999999996
[*]c1ccc(Oc2ccc(Oc3ccc(-c4nc5ccc(-c6ccc7nc(-c8ccc(Oc9ccc(Oc%10ccc(P([*])(=O)c%11ccccc%11)cc%10)cc9)cc8)oc7c6)cc5o4)cc3)cc2)cc1,2.2784603333333333
[*]c1ccc(OCC(O)COC(=O)CCCCC(=O)OCC(O)COc2ccc(C([*])(C)C)cc2)cc1,4.367927
[*]c1ccc(OCC(O)COC(=O)C2CCC(C(=O)OCC(O)COc3ccc(C([*])(C)C)cc3)CC2)cc1,4.714035
[*]CCCCCCCCCCC(=O)OCC(O)COc1ccc(OCC(O)COC([*])=O)cc1,4.027852333333333
[*]Nc1ccc(-c2ccc(NC(=O)c3ccc(OCCCCCCOc4ccc(C([*])=O)cc4)cc3)c(Cl)c2)cc1Cl,3.3250866666666656
[*]Nc1ccc(-c2ccc(NC(=O)c3ccc(OCCCCCCCOc4ccc(C([*])=O)cc4)cc3)c(Cl)c2)cc1Cl,2.90746
[*]Nc1ccc(-c2ccc(NC(=O)c3ccc(OCCCCCCCCOc4ccc(C([*])=O)cc4)cc3)c(Cl)c2)cc1Cl,3.375316
[*]Nc1ccc(-c2ccc(NC(=O)c3ccc(OCCCCCCCCCOc4ccc(C([*])=O)cc4)cc3)c(Cl)c2)cc1Cl,3.253788
[*]Nc1ccc(-c2ccc(NC(=O)c3ccc(OCCCCCCCCCCOc4ccc(C([*])=O)cc4)cc3)c(Cl)c2)cc1Cl,2.7279910000000003
[*]Nc1ccc(-c2ccc(NC(=O)c3ccc(OCCCCCCCCCCCCOc4ccc(C([*])=O)cc4)cc3)c(Cl)c2)cc1Cl,3.5089596666666667
[*]C(=O)Nc1ccc(Oc2ccc(C(C)(C)c3ccc(Oc4ccc(NC(=O)c5cc([*])cc(C(C)(C)C)c5)cc4)cc3)cc2)cc1,3.2155213333333332
[*]C(=O)c1ccc(Oc2ccc(Oc3ccc([*])cc3)cc2-c2ccccc2)cc1,2.783649
[*]c1ccc(C(=O)Nc2ccc(Oc3ccc(NC(=O)c4ccc([*])cc4C)cc3)cc2)c(C)c1,2.698765
[*]c1ccc(C(=O)Nc2ccc(Oc3ccc(NC(=O)c4cc([*])ccc4C)cc3)cc2)c(C)c1,2.4673269999999996
[*]c1ccc(C(=O)Nc2ccc(Oc3ccc(Oc4ccc(NC(=O)c5ccc([*])cc5C)cc4)cc3)cc2)c(C)c1,2.704239333333333
[*]c1ccc(C(=O)Nc2ccc(Oc3ccc(Oc4ccc(Oc5ccc(NC(=O)c6ccc([*])cc6C)cc5)cc4)cc3)cc2)c(C)c1,2.3183363333333333
[*]c1ccc(C(=O)Nc2ccc(Oc3ccc(S(=O)(=O)c4ccc(Oc5ccc(NC(=O)c6ccc([*])cc6C)cc5)cc4)cc3)cc2)c(C)c1,2.491334666666667
[*]c1ccc(C(=O)Nc2cccc(Oc3ccc(S(=O)(=O)c4ccc(Oc5cccc(NC(=O)c6ccc([*])cc6C)c5)cc4)cc3)c2)c(C)c1,2.9940580000000003
[*]c1ccc(C(=O)Nc2ccc(Oc3ccc(C(C)(C)c4ccc(Oc5ccc(NC(=O)c6ccc([*])cc6C)cc5)cc4)cc3)cc2)c(C)c1,3.0504909999999996
[*]Nc1ccc(Oc2ccc(C3(c4ccc(Oc5ccc(NC(=O)c6ccc7cc(C([*])=O)ccc7c6)cc5)cc4)CC4CCC3C4)cc2)cc1,2.9968616666666663
[*]Nc1ccc(Oc2ccc(C3(c4ccc(Oc5ccc(NC(=O)c6ccc(-c7ccc(C([*])=O)cc7)cc6)cc5)cc4)CC4CCC3C4)cc2)cc1,2.710473
[*]Nc1ccc(Oc2ccc(C3(c4ccc(Oc5ccc(NC(=O)c6ccc(S(=O)(=O)c7ccc(C([*])=O)cc7)cc6)cc5)cc4)CC4CCC3C4)cc2)cc1,3.225428666666667
[*]Nc1ccc(Oc2ccc(C3(c4ccc(Oc5ccc(NC(=O)c6ccc(C([*])=O)cc6)cc5)cc4)CC4CCC3C4)cc2)cc1,3.509691333333333
[*]Nc1ccc(Oc2ccc(C3(c4ccc(Oc5ccc(NC(=O)c6cccc(C([*])=O)c6)cc5)cc4)CC4CCC3C4)cc2)cc1,3.083243
[*]C(=O)Nc1ccc(Oc2ccc(C3(c4ccc(Oc5ccc(NC(=O)c6cc([*])cc(C(C)(C)C)c6)cc5)cc4)CC4CCC3C4)cc2)cc1,3.111551666666667
[*]c1ccc(Oc2ccc(-c3nc4cc(C(c5ccc6oc(-c7ccc(Oc8ccc(C([*])(C(F)(F)F)C(F)(F)F)cc8)cc7)nc6c5)(C(F)(F)F)C(F)(F)F)ccc4o3)cc2)cc1,2.198732
[*]C(=O)Nc1ccc(Oc2ccc(NC(=O)c3cc(C(=O)OCC)c([*])cc3C(=O)OCC)cc2)cc1,3.860770333333334
[*]Oc1ccc2c(-c3ccccc3)nn(-c3ccc(S(=O)(=O)c4ccc(-n5nc(-c6ccccc6)c6ccc([*])cc6c5=O)cc4)cc3)c(=O)c2c1,2.686368
[*]c1ccc(Oc2ccc3c(-c4ccccc4)nn(-c4ccc(S(=O)(=O)c5ccc(-n6nc(-c7ccccc7)c7cc(Oc8ccc(C([*])(C)C)cc8)ccc7c6=O)cc5)cc4)c(=O)c3c2)cc1,2.733531666666666
[*]C(=O)c1ccc(-n2nc(-c3ccccc3)c3cc(Oc4ccc5c(-c6ccccc6)nn(-c6ccc([*])cc6)c(=O)c5c4)ccc3c2=O)cc1,2.7095983333333336
[*]c1ccc(Oc2ccc(Oc3ccc(-c4nc5cc6sc(-c7ccc(Oc8ccc(Oc9ccc(P([*])(=O)c%10ccccc%10)cc9)cc8)cc7)nc6cc5s4)cc3)cc2)cc1,2.421740333333333
[*]C(=O)c1ccc(Oc2cccc(Oc3ccc([*])cc3)c2)cc1,2.357062333333334
[*]OC1C(CO)OC([*])C(NC(C)=O)C1O,5.310791333333333
[*]C(=O)c1ccc(Oc2ccc(Oc3ccc([*])cc3)cc2S(=O)(=O)O)cc1,2.7521693333333332
[*]OC1C(COC(C)=O)OC([*])C(OC(C)=O)C1O,3.4997603333333336
[*]C(=O)Nc1ccc(Oc2ccc(NC(=O)c3cc([*])cc(NC(=O)CCCN4C(=O)c5ccccc5C4=O)c3)cc2)cc1,3.557516333333334
[*]C(=O)Nc1ccc(Oc2ccc(NC(=O)c3cc([*])cc(NC(=O)CCCCCN4C(=O)c5ccccc5C4=O)c3)cc2)cc1,3.4930473333333336
[*]C(=O)Nc1ccc(Oc2ccc(NC(=O)c3cc([*])cc(NC(=O)CCCCCCCCCCN4C(=O)c5ccccc5C4=O)c3)cc2)cc1,3.916128000000001
[*]Nc1ccc(C(c2ccc(NC(=O)c3ccc(Oc4ccc(C([*])=O)cc4)cc3)cc2)(P2(=O)Oc3ccccc3-c3ccccc32)P2(=O)Oc3ccccc3-c3ccccc32)cc1,2.753572333333333
[*]C1=CC(c2ccccc2)[NH+](c2ccc(Oc3ccc([NH+]4C(c5ccccc5)=CC(c5ccc([*])cc5)=CC4c4ccccc4)cc3)cc2)C(c2ccccc2)=C1,1.621365333333333
[*]Oc1ccc2ccccc2c1-c1c(Oc2ccc(-c3ccc([*])c4ccccc34)c3ccccc23)ccc2ccccc12,2.3783256666666666
[*]CCCCC(=O)OCC(O)COc1ccc(C(=O)Oc2ccc(OCC(O)COC([*])=O)cc2)cc1,4.125362666666666
[*]CCCCCCCCC(=O)OCC(O)COc1ccc(C(=O)Oc2ccc(OCC(O)COC([*])=O)cc2)cc1,3.9638983333333337
[*]CCC(=O)OCc1ccc(COC([*])=O)o1,3.408091
[*]Oc1ccc(S(=O)(=O)c2ccc(Oc3ccc([*])cc3S(=O)(=O)O)cc2)cc1,4.399634666666667
[*]Nc1ccc(-c2nc3cc(NC(=O)c4ccc(OCCOc5ccc(C([*])=O)cc5)cc4)ccc3[nH]2)cc1,3.303138666666667
[*]Nc1ccc(-c2nc3cc(NC(=O)c4ccc(OCCOCCOc5ccc(C([*])=O)cc5)cc4)ccc3[nH]2)cc1,3.3004326666666666
[*]Nc1ccc(-c2nc3cc(NC(=O)c4ccc(OCCOCCOCCOc5ccc(C([*])=O)cc5)cc4)ccc3[nH]2)cc1,3.233193
[*]Nc1cccc(-c2nc3cc(NC(=O)c4ccc(OCCOCCOc5ccc(C([*])=O)cc5)cc4)ccc3[nH]2)c1,3.4102873333333337
[*]Nc1cccc(-c2nc3cc(NC(=O)c4ccc(OCCOCCOCCOc5ccc(C([*])=O)cc5)cc4)ccc3[nH]2)c1,3.644948
[*]Nc1cccc(-c2nc3cc(NC(=O)c4ccc(OCCOCCOCCOCCOCCOc5ccc(C([*])=O)cc5)cc4)ccc3[nH]2)c1,4.609309666666666
[*]Oc1ccc(C(=O)c2ccc(C(=O)c3ccc(Oc4ccc([*])cc4-c4ccc(S(=O)(=O)O)c(C)c4)cc3)cc2)cc1,3.042607
[*]Oc1ccc(C(=O)c2ccc(-c3ccc(C(=O)c4ccc(Oc5ccc([*])cc5-c5ccc(S(=O)(=O)O)c(C)c5)cc4)cc3)cc2)cc1,2.883577666666667
[*]C(=O)c1ccc(C(=O)c2ccc(Oc3ccc(Oc4ccc([*])cc4)cc3-c3ccc(S(=O)(=O)O)cc3)cc2)cc1,2.899585666666667
[*]C(=O)c1ccc(-c2ccc(C(=O)c3ccc(Oc4ccc(Oc5ccc([*])cc5)cc4-c4ccc(S(=O)(=O)O)cc4)cc3)cc2)cc1,3.0157226666666666
[*]C(=O)Nc1ccc(-c2nnc(-c3ccc(NC(=O)c4cc([*])cc(NC(=O)c5ccc(OC(C)=O)cc5)c4)cc3)o2)cc1,3.216409666666667
[*]C(=O)Nc1ccc(Oc2ccc(-c3nnc(-c4ccc(Oc5ccc(NC(=O)c6cc([*])cc(NC(=O)c7ccc(OC(C)=O)cc7)c6)cc5)cc4)o3)cc2)cc1,3.105685
[*]C(=O)Nc1cccc(Oc2ccc(-c3nnc(-c4ccc(Oc5cccc(NC(=O)c6cc([*])cc(NC(=O)c7ccc(OC(C)=O)cc7)c6)c5)cc4)o3)cc2)c1,2.5018170000000004
[*]c1ccc(Oc2ccc(-c3nc4ccc(C(c5ccc6nc(-c7cccc(Oc8ccc(C([*])(C(F)(F)F)C(F)(F)F)cc8)c7)oc6c5)(C(F)(F)F)C(F)(F)F)cc4o3)cc2)cc1,2.30687
[*]c1ccc(-c2ccc(Oc3ccc(Sc4ccc(Oc5ccc([*])cc5C(F)(F)F)cc4)cc3)c(C(F)(F)F)c2)cc1,2.524974333333333
[*]c1ccc(-c2ccc(-c3ccc(Oc4ccc(Sc5ccc(Oc6ccc([*])cc6C(F)(F)F)cc5)cc4)c(C(F)(F)F)c3)cc2)cc1,1.9508353333333337
[*]c1ccc(Oc2ccc(Sc3ccc(Oc4ccc(-c5cccc([*])n5)cc4C(F)(F)F)cc3)cc2)c(C(F)(F)F)c1,2.673211333333333
[*]c1ccc(Oc2ccc(Sc3ccc(Oc4ccc(-c5ccc([*])s5)cc4C(F)(F)F)cc3)cc2)c(C(F)(F)F)c1,2.8650453333333328
[*]C(=O)Nc1ccc(Oc2ccc(Oc3ccc(NC(=O)c4cc([*])cc(C(C)(C)C)c4)cc3)cc2)cc1,2.6660756666666665
[*]C(=O)Nc1ccc(Oc2ccc(S(=O)(=O)c3ccc(Oc4ccc(NC(=O)c5cc([*])cc(C(C)(C)C)c5)cc4)cc3)cc2)cc1,3.587799
[*]C(=O)Nc1ccc(Oc2ccc(Oc3ccc(Oc4ccc(NC(=O)c5cc([*])cc(C(C)(C)C)c5)cc4)cc3)cc2)cc1,3.4344223333333335
[*]C(=O)Nc1ccc(OCCCCCCOc2ccc(NC(=O)c3cc([*])cc(C(C)(C)C)c3)cc2)cc1,3.606285
[*]C(=O)c1ccc(Oc2ccc(-c3nc4cc(-c5ccc6[nH]c(-c7ccc(Oc8ccc([*])cc8)cc7)nc6c5)ccc4[nH]3)cc2)cc1,2.5445340000000005
[*]Nc1ccc(NC(=O)c2ccc(-n3nc(-c4ccc(Oc5ccc(C([*])=O)cc5)c5ccccc45)c4ccccc4c3=O)cc2)cc1,2.9369213333333333
[*]Nc1ccc(Oc2ccc(NC(=O)c3ccc(-n4nc(-c5ccc(Oc6ccc(C([*])=O)cc6)c6ccccc56)c5ccccc5c4=O)cc3)cc2)cc1,2.9220313333333334
[*]Nc1ccc(Oc2ccc(Oc3ccc(NC(=O)c4ccc(-n5nc(-c6ccc(Oc7ccc(C([*])=O)cc7)c7ccccc67)c6ccccc6c5=O)cc4)cc3)cc2)cc1,2.479796666666667
[*]Nc1ccc(Oc2ccc(Oc3ccc(NC(=O)c4ccc(-n5nc(-c6ccc(Oc7ccc(C([*])=O)cc7)c7ccccc67)c6ccccc6c5=O)cc4)cc3C(F)(F)F)cc2)c(C(F)(F)F)c1,2.070592333333334
[*]C(=O)Nc1ccc(Oc2ccc(NC(=O)c3cc([*])cc(C(C)(C)C)c3)cc2)cc1,3.1772173333333336
[*]C(=O)Nc1ccc(-c2ccc(Oc3ccc(C4(c5ccc(Oc6ccc(-c7ccc(NC(=O)c8cc([*])cc(C(C)(C)C)c8)cc7)cc6C(F)(F)F)cc5)c5ccccc5-c5ccccc54)cc3)c(C(F)(F)F)c2)cc1,2.531307333333333
[*]C(=O)Nc1ccc(-c2ccc(Oc3ccc(C(c4ccc(Oc5ccc(-c6ccc(NC(=O)c7cc([*])cc(C(C)(C)C)c7)cc6)cc5C(F)(F)F)cc4)(C(F)(F)F)C(F)(F)F)cc3)c(C(F)(F)F)c2)cc1,2.0975633333333334
[*]C(=O)Nc1ccc(-c2ccc(Oc3ccc(C(C)(C)c4ccc(Oc5ccc(-c6ccc(NC(=O)c7cc([*])cc(C(C)(C)C)c7)cc6)cc5C(F)(F)F)cc4)cc3)c(C(F)(F)F)c2)cc1,2.514825
[*]Oc1ccc(C(=O)Nc2cccc(NC(=O)c3ccc(Oc4cccc([*])c4C#N)cc3)c2)cc1,2.9688586666666663
[*]Oc1ccc(C(=O)Nc2ccc(Oc3ccc(NC(=O)c4ccc(Oc5cccc([*])c5C#N)cc4)cc3)cc2)cc1,2.463506333333333
[*]Oc1ccc(C(=O)Nc2ccc(Cc3ccc(NC(=O)c4ccc(Oc5cccc([*])c5C#N)cc4)cc3)cc2)cc1,3.519328
[*]Oc1ccc(C(=O)Nc2ccc(S(=O)(=O)c3ccc(NC(=O)c4ccc(Oc5cccc([*])c5C#N)cc4)cc3)cc2)cc1,2.9524290000000004
[*]Nc1ccc(Oc2ccc(NC(=O)c3cc(NC(=O)C45CC6CC(CC(C6)C4)C5)cc(C([*])=O)c3)cc2)cc1,3.3901519999999996
[*]Nc1ccc(Oc2cc(Oc3ccc(NC(=O)c4cc(NC(=O)C56CC7CC(CC(C7)C5)C6)cc(C([*])=O)c4)cc3)ccc2C23CC4CC(CC(C4)C2)C3)cc1,3.509126333333333
[*]OCCCOC(=O)c1ccc(C([*])=O)o1,2.8944753333333337
[*]OCCCCOC(=O)c1ccc(C([*])=O)o1,3.321303333333333
[*]OCCCCCCOC(=O)c1ccc(C([*])=O)o1,3.356819
[*]OCCCCCCCCOC(=O)c1ccc(C([*])=O)o1,3.0528980000000003
[*]C(=O)Nc1ccc(Oc2ccc(-c3ccc(-c4ccc(Oc5ccc(NC(=O)c6cc([*])cc(C(C)(C)C)c6)cc5)c(C(F)(F)F)c4)cc3)cc2C(F)(F)F)cc1,2.329701666666667
[*]C(=O)Nc1ccc(Oc2ccc(-c3cccc(-c4ccc(Oc5ccc(NC(=O)c6cc([*])cc(C(C)(C)C)c6)cc5)c(C(F)(F)F)c4)c3)cc2C(F)(F)F)cc1,3.0371176666666666
[*]C(=O)Nc1ccc(Oc2ccc(-c3cccc(-c4ccc(Oc5ccc(NC(=O)c6cc([*])cc(C(C)(C)C)c6)cc5)c(C(F)(F)F)c4)n3)cc2C(F)(F)F)cc1,3.237122333333333
[*]C(=O)Nc1ccc(Oc2ccc(-c3ccc(-c4ccc(-c5ccc(Oc6ccc(NC(=O)c7cc([*])cc(C(C)(C)C)c7)cc6)c(C(F)(F)F)c5)cc4)cc3)cc2C(F)(F)F)cc1,2.8332680000000003
[*]c1ccc(Oc2ccc(Oc3ccc(S([*])(=O)=O)cc3)c(-c3cccc(O)c3)c2)cc1,2.6155913333333336
[*]c1ccc(Oc2ccc(S(=O)(=O)c3ccc(Oc4ccc(C([*])(C(F)(F)F)C(F)(F)F)cc4NC(=O)c4ccc5[nH]cnc5c4)cc3)cc2)c(NC(=O)c2ccc3nc[nH]c3c2)c1,2.660131666666667
[*]OCCCCCCOC(=O)C1OCOC1C1OCOC1C([*])=O,3.854396666666667
[*]OCCCCCCCCCCCCOC(=O)C1OCOC1C1OCOC1C([*])=O,5.052794
[*]Nc1ccc(Oc2ccc(NC(=O)c3ccc(-c4nc(-c5ccccc5)nc(-c5ccc(C([*])=O)cc5)n4)cc3)cc2)cc1,2.5515106666666667
[*]Nc1ccc(Oc2ccc(-c3ccc(Oc4ccc(NC(=O)c5ccc(Oc6ccc(C7(c8ccc(Oc9ccc(C([*])=O)cc9)cc8)c8ccccc8Oc8ccccc87)cc6)cc5)cc4C(F)(F)F)cc3)cc2)c(C(F)(F)F)c1,2.6063159999999996
[*]Nc1ccc(Oc2ccccc2Oc2ccc(NC(=O)c3ccc(Oc4ccc(C5(c6ccc(Oc7ccc(C([*])=O)cc7)cc6)c6ccccc6Oc6ccccc65)cc4)cc3)cc2C(F)(F)F)c(C(F)(F)F)c1,2.6064443333333336
[*]COC(=O)CCCCC(=O)OCCCOc1ccc2c([*])cc(=O)oc2c1,3.618925666666667
[*]Nc1ccc(NC(=O)c2ccc(Oc3ccc(C4(c5ccc(Oc6ccc(C([*])=O)cc6)cc5)c5ccccc5Oc5ccccc54)cc3)cc2)cc1,3.0356773333333336
[*]Nc1cccc(NC(=O)c2ccc(Oc3ccc(C4(c5ccc(Oc6ccc(C([*])=O)cc6)cc5)c5ccccc5Oc5ccccc54)cc3)cc2)c1,2.6470116666666663
[*]Nc1ccc(-c2ccc(NC(=O)c3ccc(Oc4ccc(C5(c6ccc(Oc7ccc(C([*])=O)cc7)cc6)c6ccccc6Oc6ccccc65)cc4)cc3)cc2)cc1,3.79531
[*]Nc1ccc(Oc2ccc(NC(=O)c3ccc(Oc4ccc(C5(c6ccc(Oc7ccc(C([*])=O)cc7)cc6)c6ccccc6Oc6ccccc65)cc4)cc3)cc2)cc1,2.1991123333333333
[*]Nc1ccc(Cc2ccc(NC(=O)c3ccc(Oc4ccc(C5(c6ccc(Oc7ccc(C([*])=O)cc7)cc6)c6ccccc6Oc6ccccc65)cc4)cc3)cc2)cc1,2.6715663333333333
[*]Nc1ccc(Oc2ccc(Oc3ccc(NC(=O)c4ccc(Oc5ccc(C6(c7ccc(Oc8ccc(C([*])=O)cc8)cc7)c7ccccc7Oc7ccccc76)cc5)cc4)cc3)cc2)cc1,3.121008
[*]Nc1ccc(Oc2ccc(C3(c4ccc(Oc5ccc(NC(=O)c6ccc(C([*])=O)cc6)cc5)cc4)c4ccccc4Oc4ccccc43)cc2)cc1,2.9324376666666665
[*]Nc1ccc(Oc2ccc(C3(c4ccc(Oc5ccc(NC(=O)c6cccc(C([*])=O)c6)cc5)cc4)c4ccccc4Oc4ccccc43)cc2)cc1,3.0806690000000003
[*]Nc1ccc(Oc2ccc(C3(c4ccc(Oc5ccc(NC(=O)c6ccc(-c7ccc(C([*])=O)cc7)cc6)cc5)cc4)c4ccccc4Oc4ccccc43)cc2)cc1,2.479274666666667
[*]Nc1ccc(Oc2ccc(C3(c4ccc(Oc5ccc(NC(=O)c6ccc(Oc7ccc(C([*])=O)cc7)cc6)cc5)cc4)c4ccccc4Oc4ccccc43)cc2)cc1,3.0112019999999995
[*]c1ccc2c(c1)CN(c1ccc(Oc3ccc(N4COc5ccc(C([*])(C)C)cc5C4)cc3)cc1)CO2,2.8900810000000003
*c1ccc(OC2(F)C(F)(F)C(F)(F)C2(F)Oc2ccc(C(*)(C)c3ccc(*)cc3)cc2)cc1,2.6432186666666664
[*]C(=O)Nc1ccc(-c2ccc(Oc3ccc(C4(c5ccc(Oc6ccc(-c7ccc(NC(=O)c8cc([*])cc(C(C)(C)C)c8)cc7)cc6C(F)(F)F)cc5)c5ccccc5C(=O)N4c4ccccc4)cc3)c(C(F)(F)F)c2)cc1,2.7212506666666667
[*]OCCCCCCCCCOC(=O)c1ccc(C([*])=O)o1,4.139563
[*]OCCCCCCCCCCOC(=O)c1ccc(C([*])=O)o1,3.946325333333333
[*]OCCCCCCCCCCCCOC(=O)c1ccc(C([*])=O)o1,3.4668520000000003
[*]c1ccc(Oc2ccc(C(=O)O)c(C(=O)Nc3cccc(NC(=O)c4cc(Oc5ccc(C([*])(C)C)cc5)ccc4C(=O)O)c3)c2)cc1,3.294335
[*]C1C=C(CCCCCC)C([*])S1,4.146679666666667
[*]c1cc(CCCCCCCCCCCC)c([*])s1,4.5316366666666665
[*]c1cc(CCCCCC)c([*])s1,3.820906
[*]c1cc(CCCCCCCC)c([*])s1,4.944006666666667
[*]c1ccc(Sc2ccc(S([*])(=O)=O)cc2)cc1,2.7952646666666667
[*]c1cc(CCCCC)c([*])s1,4.726934333333333
[*]CSCc1ccc(Cc2ccc(CSCC(=O)OCCSCc3ccc(Cc4ccc(CSCCOC([*])=O)cc4)cc3)cc2)cc1,3.405711
[*]CCSCc1ccc(Cc2ccc(CSCCC(=O)OCCSCc3ccc(Cc4ccc(CSCCOC([*])=O)cc4)cc3)cc2)cc1,2.7765963333333334
[*]c1nc2cc3sc(-c4cc(O)c([*])cc4O)nc3cc2s1,2.9778110000000004
[*]c1ccc(Sc2ccc(Sc3ccc(Sc4ccc(S([*])(=O)=O)cc4S(=O)(=O)O)cc3)cc2)c(S(=O)(=O)O)c1,3.675771333333334
[*]c1sc(-c2cc(C=Cc3ccccc3)c(-c3cc(OCCCCCCCCCC)c([*])s3)s2)cc1OCCCCCCCCCC,4.3761426666666665
[*]c1cc(CCCCCCC)c([*])s1,4.085618666666667
[*]c1nc2cc3sc(-c4cc(C)c([*])cc4C)nc3cc2s1,1.8629053333333336
[*]OCCN(CCOC(=O)c1cccc(C([*])=O)c1)c1ccccc1,2.981865
[*]Cc1ccc(OC(=O)CCCCC(=O)Oc2ccc(CCC(=O)NC([*])C(=O)OCC)cc2)cc1,3.0006726666666665
[*]Cc1ccc(OC(=O)CCCCC(=O)Oc2ccc(CCC(=O)NC([*])C(=O)OCCCCCC)cc2)cc1,3.9648433333333335
[*]Cc1ccc(OC(=O)CCCCC(=O)Oc2ccc(CCC(=O)NC([*])C(=O)OCCCCCCCC)cc2)cc1,3.727047666666666
[*]Cc1ccc(OC(=O)CCC(=O)Oc2ccc(CCC(=O)NC([*])C(=O)OCCCCCC)cc2)cc1,3.7919833333333335
[*]Cc1ccc(OC(=O)CCC(=O)Oc2ccc(CCC(=O)NC([*])C(=O)OCC)cc2)cc1,2.811134
[*]Cc1ccc(OC(=O)CCC(=O)Oc2ccc(CCC(=O)NC([*])C(=O)OCCCC)cc2)cc1,3.319708666666666
[*]Cc1ccc(OC(=O)CCC(=O)Oc2ccc(CCC(=O)NC([*])C(=O)OCCCCCCCC)cc2)cc1,3.765582999999999
[*]Cc1ccc(OC(=O)CCCCC(=O)Oc2ccc(CCC(=O)NC([*])C(=O)OCCCC)cc2)cc1,3.3597606666666664
[*]Cc1ccc(OC(=O)CCCCCCC(=O)Oc2ccc(CCC(=O)NC([*])C(=O)OCC)cc2)cc1,2.941880666666667
[*]Cc1ccc(OC(=O)CCCCCCC(=O)Oc2ccc(CCC(=O)NC([*])C(=O)OCCCC)cc2)cc1,4.081489999999999
[*]Cc1ccc(OC(=O)CCCCCCCCC(=O)Oc2ccc(CCC(=O)NC([*])C(=O)OCC)cc2)cc1,4.066525333333333
[*]OCCCCCCCCCCCCOC(=O)c1ccc(C([*])=O)cc1,3.803550333333334
[*]CCOC(=O)c1ccc(-c2ccc(C(=O)OCCC([*])C)cc2)cc1,3.311506666666667
*C(=O)OCCCCCCOC(=O)c1cc(*)cc(C(*)=O)c1,4.325874333333333
*C(=O)OCCCCCCOC(=O)c1cc(*)c(C(*)=O)cc1C(*)=O,4.389081666666667
*C(=O)OCCCCCCOC(=O)c1c(*)c(C(*)=O)c(C(*)=O)c(C(*)=O)c1C(*)=O,4.662828333333334
*COC(=O)CCCCCCCCC(=O)OCC(*)O*,4.212184
[*]NC(=O)NC(C(=O)OCCCCCCOC(=O)C([*])C(C)C)C(C)C,2.9520539999999995
[*]NC(=O)NC(C(=O)OCCCCCCCCOC(=O)C([*])C(C)C)C(C)C,3.755851666666667
[*]Nc1ccc(-c2ccc(NC(=O)c3cccc(C([*])=O)c3)c(O)c2)cc1O,3.1117989999999995
[*]NC(=O)NC(C(=O)OCCCCCCCCCCOC(=O)C([*])C(C)C)C(C)C,4.219311666666666
[*]NC(=O)NC(C(=O)OCCCCCCCCCCCCOC(=O)C([*])C(C)C)C(C)C,5.242238666666666
[*]c1ccc(C(=O)Nc2ccc(Cc3ccc(NC(=O)c4ccc([*])cc4C)cc3)cc2)c(C)c1,2.376089333333333
[*]c1ccc(C(=O)Nc2ccc(C(c3ccc(NC(=O)c4ccc([*])cc4C)cc3)(C(F)(F)F)C(F)(F)F)cc2)c(C)c1,3.2746809999999997
[*]c1ccc2c(-c3ccccc3)nn(-c3ccc(S(=O)(=O)c4ccc(-n5nc(-c6ccccc6)c6ccc([*])cc6c5=O)cc4)cc3)c(=O)c2c1,2.8894029999999997
[*]Nc1ccc(S(=O)(=O)c2ccc(NC(=O)c3cccc(C([*])=O)c3)cc2)cc1,3.813654333333334
[*]CCCCCCCCCCCCC(=O)NCCCCCCCCCCCCNC([*])=O,3.676847
[*]C(=O)Nc1ccc(Cc2ccc(NC(=O)c3cc([*])cc(NC(=O)CCN4C(=O)c5ccccc5C4=O)c3)cc2)cc1,3.080524666666667
[*]C(=O)Nc1ccc(Cc2ccc(NC(=O)c3cc([*])cc(NC(=O)CCCN4C(=O)c5ccccc5C4=O)c3)cc2)cc1,4.034877999999999
[*]C(=O)Nc1ccc(C(c2ccc(NC(=O)c3cc([*])cc(NC(=O)CCCN4C(=O)c5ccccc5C4=O)c3)cc2)(C(F)(F)F)C(F)(F)F)cc1,3.6560493333333337
[*]C(=O)Nc1ccc(Cc2ccc(NC(=O)c3cc([*])cc(NC(=O)CCCCCN4C(=O)c5ccccc5C4=O)c3)cc2)cc1,3.5780876666666668
[*]c1ccc(NC(=O)c2cccc(C(=O)Nc3ccc([*])cc3OC)c2)c(OC)c1,3.3079186666666662
[*]NNC(=O)c1ccc(NC(=O)c2ccc(N=Nc3ccc(C([*])=O)cc3)cc2)cc1O,3.7261306666666663
[*]NNC(=O)c1ccc(NC(=O)c2cccc(N=Nc3cccc(C([*])=O)c3)c2)cc1O,3.691361000000001
[*]Nc1cccc(NC(=O)c2ccc3[nH]c(-c4ccc(C([*])=O)cc4)nc3c2)c1,3.646640666666668
[*]Nc1ccc(C(c2ccc(NC(=O)c3cc(NC(=O)C45CC6CC(CC(C6)C4)C5)cc(C([*])=O)c3)cc2)(C(F)(F)F)C(F)(F)F)cc1,3.7205836666666663
[*]Nc1ccc(NC(=O)c2cc(NC(=O)C34CC5CC(CC(C5)C3)C4)cc(C(=O)Nc3ccc(C([*])=O)cc3)c2)cc1,4.527898666666666
[*]Nc1ccc(C2(c3ccc(NC(=O)c4cc(NC(=O)C56CC7CC(CC(C7)C5)C6)cc(C([*])=O)c4)cc3)c3ccccc3-c3ccccc32)cc1,3.4031473333333335
[*]CCCCCCCC(=O)NCCCCCCNC(=O)CCCCCCCC1C([*])C=CC(CCCCCC)C1CCCCCCCC,3.880101999999999
[*]Nc1ccc(Oc2ccc(NC(=O)c3ccc4c(c3)C(=O)N(c3ccc(Oc5ccc(N6C(=O)c7ccc(C([*])=O)cc7C6=O)cc5)cc3)C4=O)cc2)cc1,2.534349333333333
[*]C(=O)c1ccc2c(c1)C(=O)N(c1cccc(Nc3nc(Nc4cccc(N5C(=O)c6ccc([*])cc6C5=O)c4)nc(N(c4ccccc4)c4ccccc4)n3)c1)C2=O,3.083020666666666
[*]C(=O)c1ccc2c(c1)C(=O)N(c1ccc(-c3nc(-c4ccccc4)nc(-c4ccc(N5C(=O)c6ccc([*])cc6C5=O)cc4)n3)cc1)C2=O,2.027246666666666
[*]c1cc(C(=O)O)cc(N2C(=O)c3ccc(C(c4ccc5c(c4)C(=O)N([*])C5=O)(C(F)(F)F)C(F)(F)F)cc3C2=O)c1,2.683310666666667
[*]Oc1ccc(N2C(=O)c3ccc(-c4ccc5c(c4)C(=O)N(c4ccc(Oc6cc(C(C)(C)C)c([*])cc6C(C)(C)C)cc4)C5=O)cc3C2=O)cc1,2.466277
[*]Oc1ccc(N2C(=O)c3ccc(Oc4ccc5c(c4)C(=O)N(c4ccc(Oc6cc(C(C)(C)C)c([*])cc6C(C)(C)C)cc4)C5=O)cc3C2=O)cc1,1.9069746666666667
[*]Oc1ccc(N2C(=O)c3ccc(C(=O)c4ccc5c(c4)C(=O)N(c4ccc(Oc6cc(C(C)(C)C)c([*])cc6C(C)(C)C)cc4)C5=O)cc3C2=O)cc1,2.602637333333333
[*]Oc1ccc(N2C(=O)c3ccc(S(=O)(=O)c4ccc5c(c4)C(=O)N(c4ccc(Oc6cc(C(C)(C)C)c([*])cc6C(C)(C)C)cc4)C5=O)cc3C2=O)cc1,1.9517853333333337
[*]Oc1ccc(N2C(=O)c3ccc(C(c4ccc5c(c4)C(=O)N(c4ccc(Oc6cc(C(C)(C)C)c([*])cc6C(C)(C)C)cc4)C5=O)(C(F)(F)F)C(F)(F)F)cc3C2=O)cc1,2.838951333333333
[*]Nc1ccc(Oc2ccc(-c3ccc(Oc4ccc(NC(=O)c5cccc(N6C(=O)c7ccc(-c8ccc9c(c8)C(=O)N(c8cccc(C([*])=O)c8)C9=O)cc7C6=O)c5)cc4)cc3)cc2)cc1,3.1412933333333335
[*]Nc1ccc(Oc2ccc(Oc3ccc(Oc4ccc(NC(=O)c5cccc(N6C(=O)c7ccc(-c8ccc9c(c8)C(=O)N(c8cccc(C([*])=O)c8)C9=O)cc7C6=O)c5)cc4)cc3)cc2)cc1,3.4651363333333336
[*]c1ccc(-c2ccc(N3C(=O)c4ccc(Oc5ccc6c(c5)C(=O)N([*])C6=O)cc4C3=O)cc2C)c(C)c1,1.9062760000000003
[*]Nc1ccc(Oc2ccc(C3(c4ccc(Oc5ccc(NC(=O)c6ccc7c(c6)C(=O)N(c6ccc(N8C(=O)c9ccc(C([*])=O)cc9C8=O)cc6)C7=O)cc5)cc4)NC(=O)c4ccccc43)cc2)cc1,2.818246666666667
[*]C(=O)c1ccc2c(c1)C(=O)N(c1ccc(Cc3ccc(N4C(=O)c5ccc(C(=O)c6ccc(Oc7ccc(-c8ccc(Oc9ccc([*])cc9)cc8)cc7)cc6)cc5C4=O)cc3)cc1)C2=O,2.0953196666666667
[*]C(=O)c1ccc2c(c1)C(=O)N(c1ccc(Cc3ccc(N4C(=O)c5ccc(C(=O)c6ccc(Oc7ccc(Oc8ccc([*])cc8)cc7)cc6)cc5C4=O)cc3)cc1)C2=O,2.393946666666667
[*]C(=O)c1ccc2c(c1)C(=O)N(c1ccc(Oc3ccc(N4C(=O)c5ccc(C(=O)c6ccc(Oc7ccc(Oc8ccc([*])cc8)cc7)cc6)cc5C4=O)cc3)cc1)C2=O,2.978765000000001
